text,label
Предлагаю установить автомат с водой в поликлинике,предложение
Как получить льготу на проезд,вопрос
Прошу выдать справку о доходах,запрос услуги
Можно сделать велодорожку вдоль набережной,предложение
Предлагаю установить больше скамеек в парке,предложение
Сколько стоит оформить загранпаспорт,вопрос
Нужно оформить загранпаспорт,запрос услуги
Хорошо бы сделать детскую площадку,предложение
Можно организовать больше занятий для школьников,предложение
Не убрали снег у подъезда,жалоба
Невозможно дозвониться в управляющую компанию,жалоба
Когда включат отопление,вопрос
Можно сделать дополнительную парковку у школы,предложение
Какие документы нужны для субсидии,вопрос
Прошу зарегистрировать обращение по вопросу благоустройства,запрос услуги
Предлагаю установить больше скамеек в парке,предложение
В подъезде перегорела лампочка,жалоба
Когда начнется ремонт дороги на нашей улице,вопрос
Предлагаю улучшить освещение в парке,предложение
Прошу назначить дату приема в администрации,запрос услуги
Можно сделать дополнительную парковку у школы,предложение
Когда начнется ремонт дороги на нашей улице,вопрос
Предлагаю установить больше скамеек в парке,предложение
Как записать ребенка в детский сад,вопрос
Не работает уличное освещение,жалоба
Не убирают мусор во дворе,жалоба
Необходимо оформить пособие по уходу за ребенком,запрос услуги
Когда начнется ремонт дороги на нашей улице,вопрос
Какие документы нужны для субсидии,вопрос
Не убирают мусор во дворе,жалоба
Как записать ребенка в детский сад,вопрос
Куда обращаться по вопросам отопления,вопрос
Можно сделать велодорожку вдоль набережной,предложение
Хочу подать заявление на получение субсидии,запрос услуги
Как записаться к врачу через портал,вопрос
"Громкая музыка ночью, невозможно уснуть",жалоба
Прошу зарегистрировать обращение по вопросу благоустройства,запрос услуги
Нужно добавить больше урн во дворе,предложение
Прошу выдать дубликат свидетельства о рождении,запрос услуги
Куда пожаловаться на шум от соседей,вопрос
Хорошо бы сделать детскую площадку,предложение
Хочу подать заявление на получение субсидии,запрос услуги
Хорошо бы сделать детскую площадку,предложение
Куда обращаться по вопросам отопления,вопрос
Прошу зарегистрировать обращение по вопросу благоустройства,запрос услуги
Предлагаю установить больше скамеек в парке,предложение
Где можно получить справку о прописке,вопрос
В поликлинике большие очереди,жалоба
Не убрали снег у подъезда,жалоба
"Громкая музыка ночью, невозможно уснуть",жалоба
Как записать ребенка в детский сад,вопрос
Прошу выдать дубликат свидетельства о рождении,запрос услуги
Невозможно дозвониться в управляющую компанию,жалоба
Не убирают мусор во дворе,жалоба
Необходимо оформить пособие по уходу за ребенком,запрос услуги
Когда включат отопление,вопрос
Можно сделать дополнительную парковку у школы,предложение
Нужно оформить загранпаспорт,запрос услуги
Хорошо бы посадить деревья вдоль дороги,предложение
В подъезде перегорела лампочка,жалоба
Можно сделать дополнительную парковку у школы,предложение
Не работает лифт в доме,жалоба
Где можно получить справку о прописке,вопрос
Прошу выдать справку о доходах,запрос услуги
Хорошо бы сделать детскую площадку,предложение
Предлагаю установить больше скамеек в парке,предложение
Прошу направить специалиста для проверки отопления,запрос услуги
Необходимо оформить пособие по уходу за ребенком,запрос услуги
Прошу зарегистрировать обращение по вопросу благоустройства,запрос услуги
Не работает уличное освещение,жалоба
Хочу подать заявление на получение субсидии,запрос услуги
Нужно добавить больше урн во дворе,предложение
Как записаться к врачу через портал,вопрос
В подъезде перегорела лампочка,жалоба
Как получить льготу на проезд,вопрос
Как записать ребенка в детский сад,вопрос
Можно сделать дополнительную парковку у школы,предложение
Необходимо оформить пособие по уходу за ребенком,запрос услуги
В подъезде перегорела лампочка,жалоба
Не работает лифт в доме,жалоба
Предлагаю установить больше скамеек в парке,предложение
Хорошо бы сделать детскую площадку,предложение
Невозможно дозвониться в управляющую компанию,жалоба
Куда пожаловаться на шум от соседей,вопрос
Предлагаю установить автомат с водой в поликлинике,предложение
Прошу назначить дату приема в администрации,запрос услуги
Нужно оформить загранпаспорт,запрос услуги
Нужно оформить загранпаспорт,запрос услуги
Предлагаю установить автомат с водой в поликлинике,предложение
Стоит добавить лавочки у остановок,предложение
Куда пожаловаться на шум от соседей,вопрос
Прошу зарегистрировать обращение по вопросу благоустройства,запрос услуги
Где можно получить справку о прописке,вопрос
"Дорога вся в ямах, невозможно проехать",жалоба
Предлагаю установить больше скамеек в парке,предложение
Предлагаю установить больше скамеек в парке,предложение
Куда обращаться по вопросам отопления,вопрос
Прошу направить специалиста для проверки отопления,запрос услуги
Как получить льготу на проезд,вопрос
Прошу оформить справку о составе семьи,запрос услуги
Стоит добавить лавочки у остановок,предложение
Предлагаю улучшить освещение в парке,предложение
В поликлинике большие очереди,жалоба
Протекает крыша после дождя,жалоба
Необходимо оформить пособие по уходу за ребенком,запрос услуги
Сколько стоит оформить загранпаспорт,вопрос
Можно сделать дополнительную парковку у школы,предложение
Хочу подать заявление на получение субсидии,запрос услуги
Необходимо оформить пособие по уходу за ребенком,запрос услуги
Прошу назначить дату приема в администрации,запрос услуги
Как получить льготу на проезд,вопрос
Можно сделать дополнительную парковку у школы,предложение
Хочу подать заявление на получение субсидии,запрос услуги
Когда начнется ремонт дороги на нашей улице,вопрос
Необходимо оформить пособие по уходу за ребенком,запрос услуги
Когда включат отопление,вопрос
Куда пожаловаться на шум от соседей,вопрос
Невозможно дозвониться в управляющую компанию,жалоба
Прошу оформить справку о составе семьи,запрос услуги
"Дорога вся в ямах, невозможно проехать",жалоба
В поликлинике большие очереди,жалоба
Прошу выдать дубликат свидетельства о рождении,запрос услуги
Сколько стоит оформить загранпаспорт,вопрос
Предлагаю установить автомат с водой в поликлинике,предложение
Сколько стоит оформить загранпаспорт,вопрос
Прошу выдать дубликат свидетельства о рождении,запрос услуги
Куда пожаловаться на шум от соседей,вопрос
Прошу оформить справку о составе семьи,запрос услуги
Предлагаю улучшить освещение в парке,предложение
Нужно добавить больше урн во дворе,предложение
Прошу назначить дату приема в администрации,запрос услуги
Протекает крыша после дождя,жалоба
Протекает крыша после дождя,жалоба
Можно сделать дополнительную парковку у школы,предложение
Не работает уличное освещение,жалоба
Сколько стоит оформить загранпаспорт,вопрос
Нужно добавить больше урн во дворе,предложение
Сколько стоит оформить загранпаспорт,вопрос
Необходимо зарегистрировать новое место жительства,запрос услуги
Хорошо бы посадить деревья вдоль дороги,предложение
Нужно оформить загранпаспорт,запрос услуги
Хорошо бы посадить деревья вдоль дороги,предложение
Протекает крыша после дождя,жалоба
Какие документы нужны для субсидии,вопрос
Хочу подать заявление на получение субсидии,запрос услуги
Можно сделать дополнительную парковку у школы,предложение
Хочу подать заявление на получение субсидии,запрос услуги
Необходимо оформить пособие по уходу за ребенком,запрос услуги
Прошу выдать дубликат свидетельства о рождении,запрос услуги
Не убирают мусор во дворе,жалоба
Как записаться к врачу через портал,вопрос
Стоит добавить лавочки у остановок,предложение
Не убирают мусор во дворе,жалоба
"Дорога вся в ямах, невозможно проехать",жалоба
Как записать ребенка в детский сад,вопрос
В поликлинике большие очереди,жалоба
Нужно добавить больше урн во дворе,предложение
Прошу направить специалиста для проверки отопления,запрос услуги
Куда пожаловаться на шум от соседей,вопрос
Предлагаю улучшить освещение в парке,предложение
Когда начнется ремонт дороги на нашей улице,вопрос
Как записать ребенка в детский сад,вопрос
Прошу выдать справку о доходах,запрос услуги
Невозможно дозвониться в управляющую компанию,жалоба
Не убрали снег у подъезда,жалоба
Какие документы нужны для субсидии,вопрос
Как получить льготу на проезд,вопрос
В подъезде перегорела лампочка,жалоба
Куда пожаловаться на шум от соседей,вопрос
Как записаться к врачу через портал,вопрос
Можно организовать больше занятий для школьников,предложение
"Громкая музыка ночью, невозможно уснуть",жалоба
Хорошо бы посадить деревья вдоль дороги,предложение
Прошу направить специалиста для проверки отопления,запрос услуги
"Дорога вся в ямах, невозможно проехать",жалоба
Прошу назначить дату приема в администрации,запрос услуги
Хочу подать заявление на получение субсидии,запрос услуги
Предлагаю установить автомат с водой в поликлинике,предложение
Как получить льготу на проезд,вопрос
Какие документы нужны для субсидии,вопрос
Прошу направить специалиста для проверки отопления,запрос услуги
Необходимо зарегистрировать новое место жительства,запрос услуги
Необходимо зарегистрировать новое место жительства,запрос услуги
Необходимо оформить пособие по уходу за ребенком,запрос услуги
Прошу оформить справку о составе семьи,запрос услуги
Где можно получить справку о прописке,вопрос
Стоит добавить лавочки у остановок,предложение
Необходимо оформить пособие по уходу за ребенком,запрос услуги
Необходимо оформить пособие по уходу за ребенком,запрос услуги
Необходимо зарегистрировать новое место жительства,запрос услуги
"Дорога вся в ямах, невозможно проехать",жалоба
Хорошо бы сделать детскую площадку,предложение
Нужно оформить загранпаспорт,запрос услуги
Можно сделать дополнительную парковку у школы,предложение
Можно сделать дополнительную парковку у школы,предложение
Прошу зарегистрировать обращение по вопросу благоустройства,запрос услуги
Предлагаю установить больше скамеек в парке,предложение
Нужно добавить больше урн во дворе,предложение
Где можно получить справку о прописке,вопрос
Прошу выдать дубликат свидетельства о рождении,запрос услуги
Прошу оформить справку о составе семьи,запрос услуги
Протекает крыша после дождя,жалоба
Где можно получить справку о прописке,вопрос
Стоит добавить лавочки у остановок,предложение
Прошу выдать дубликат свидетельства о рождении,запрос услуги
Предлагаю установить автомат с водой в поликлинике,предложение
Сколько стоит оформить загранпаспорт,вопрос
Необходимо зарегистрировать новое место жительства,запрос услуги
Необходимо зарегистрировать новое место жительства,запрос услуги
Предлагаю установить автомат с водой в поликлинике,предложение
Прошу зарегистрировать обращение по вопросу благоустройства,запрос услуги
В подъезде перегорела лампочка,жалоба
Прошу зарегистрировать обращение по вопросу благоустройства,запрос услуги
Предлагаю улучшить освещение в парке,предложение
Необходимо оформить пособие по уходу за ребенком,запрос услуги
Не убрали снег у подъезда,жалоба
Хочу подать заявление на получение субсидии,запрос услуги
Невозможно дозвониться в управляющую компанию,жалоба
Когда начнется ремонт дороги на нашей улице,вопрос
Хорошо бы посадить деревья вдоль дороги,предложение
Не работает уличное освещение,жалоба
Необходимо оформить пособие по уходу за ребенком,запрос услуги
Прошу назначить дату приема в администрации,запрос услуги
Прошу оформить справку о составе семьи,запрос услуги
Когда начнется ремонт дороги на нашей улице,вопрос
"Дорога вся в ямах, невозможно проехать",жалоба
Куда обращаться по вопросам отопления,вопрос
Прошу оформить справку о составе семьи,запрос услуги
Когда начнется ремонт дороги на нашей улице,вопрос
Какие документы нужны для субсидии,вопрос
Протекает крыша после дождя,жалоба
Предлагаю улучшить освещение в парке,предложение
Как записаться к врачу через портал,вопрос
Можно сделать дополнительную парковку у школы,предложение
Нужно добавить больше урн во дворе,предложение
Не убрали снег у подъезда,жалоба
Когда начнется ремонт дороги на нашей улице,вопрос
Не убирают мусор во дворе,жалоба
Нужно оформить загранпаспорт,запрос услуги
Прошу направить специалиста для проверки отопления,запрос услуги
Где можно получить справку о прописке,вопрос
Куда обращаться по вопросам отопления,вопрос
Хорошо бы посадить деревья вдоль дороги,предложение
Предлагаю установить автомат с водой в поликлинике,предложение
Сколько стоит оформить загранпаспорт,вопрос
Не убрали снег у подъезда,жалоба
Стоит добавить лавочки у остановок,предложение
Не работает лифт в доме,жалоба
Хорошо бы сделать детскую площадку,предложение
В подъезде перегорела лампочка,жалоба
Хорошо бы посадить деревья вдоль дороги,предложение
Предлагаю улучшить освещение в парке,предложение
Где можно получить справку о прописке,вопрос
Когда начнется ремонт дороги на нашей улице,вопрос
Необходимо зарегистрировать новое место жительства,запрос услуги
Стоит добавить лавочки у остановок,предложение
Прошу назначить дату приема в администрации,запрос услуги
Как записаться к врачу через портал,вопрос
Хочу подать заявление на получение субсидии,запрос услуги
Хорошо бы посадить деревья вдоль дороги,предложение
Сколько стоит оформить загранпаспорт,вопрос
Необходимо оформить пособие по уходу за ребенком,запрос услуги
Необходимо оформить пособие по уходу за ребенком,запрос услуги
Хочу подать заявление на получение субсидии,запрос услуги
Прошу выдать дубликат свидетельства о рождении,запрос услуги
Как получить льготу на проезд,вопрос
Можно сделать дополнительную парковку у школы,предложение
Прошу оформить справку о составе семьи,запрос услуги
Нужно добавить больше урн во дворе,предложение
Как получить льготу на проезд,вопрос
Предлагаю улучшить освещение в парке,предложение
Как получить льготу на проезд,вопрос
Не работает уличное освещение,жалоба
Не убрали снег у подъезда,жалоба
Прошу назначить дату приема в администрации,запрос услуги
Можно организовать больше занятий для школьников,предложение
Хорошо бы сделать детскую площадку,предложение
Невозможно дозвониться в управляющую компанию,жалоба
Можно сделать дополнительную парковку у школы,предложение
Можно сделать дополнительную парковку у школы,предложение
Протекает крыша после дождя,жалоба
Как записаться к врачу через портал,вопрос
Как записать ребенка в детский сад,вопрос
Предлагаю улучшить освещение в парке,предложение
Когда начнется ремонт дороги на нашей улице,вопрос
Где можно получить справку о прописке,вопрос
Стоит добавить лавочки у остановок,предложение
Нужно добавить больше урн во дворе,предложение
Хорошо бы сделать детскую площадку,предложение
Хорошо бы посадить деревья вдоль дороги,предложение
Предлагаю улучшить освещение в парке,предложение
Когда начнется ремонт дороги на нашей улице,вопрос
Хочу подать заявление на получение субсидии,запрос услуги
Куда обращаться по вопросам отопления,вопрос
Прошу зарегистрировать обращение по вопросу благоустройства,запрос услуги
Прошу выдать дубликат свидетельства о рождении,запрос услуги
Как получить льготу на проезд,вопрос
Необходимо зарегистрировать новое место жительства,запрос услуги
Можно сделать дополнительную парковку у школы,предложение
Где можно получить справку о прописке,вопрос
Прошу выдать дубликат свидетельства о рождении,запрос услуги
Сколько стоит оформить загранпаспорт,вопрос
Куда обращаться по вопросам отопления,вопрос
В подъезде перегорела лампочка,жалоба
Как записать ребенка в детский сад,вопрос
Не убрали снег у подъезда,жалоба
Как записаться к врачу через портал,вопрос
Прошу выдать дубликат свидетельства о рождении,запрос услуги
Не убрали снег у подъезда,жалоба
Необходимо зарегистрировать новое место жительства,запрос услуги
Хорошо бы сделать детскую площадку,предложение
Сколько стоит оформить загранпаспорт,вопрос
Не работает лифт в доме,жалоба
Хорошо бы посадить деревья вдоль дороги,предложение
Необходимо зарегистрировать новое место жительства,запрос услуги
Куда обращаться по вопросам отопления,вопрос
Можно сделать дополнительную парковку у школы,предложение
Куда пожаловаться на шум от соседей,вопрос
В поликлинике большие очереди,жалоба
Где можно получить справку о прописке,вопрос
Хочу подать заявление на получение субсидии,запрос услуги
Необходимо зарегистрировать новое место жительства,запрос услуги
Хорошо бы сделать детскую площадку,предложение
Как получить льготу на проезд,вопрос
Прошу выдать дубликат свидетельства о рождении,запрос услуги
Не убирают мусор во дворе,жалоба
Хорошо бы посадить деревья вдоль дороги,предложение
Протекает крыша после дождя,жалоба
Нужно добавить больше урн во дворе,предложение
Хорошо бы посадить деревья вдоль дороги,предложение
Как записать ребенка в детский сад,вопрос
Нужно добавить больше урн во дворе,предложение
Сколько стоит оформить загранпаспорт,вопрос
Хочу подать заявление на получение субсидии,запрос услуги
Нужно добавить больше урн во дворе,предложение
Прошу оформить справку о составе семьи,запрос услуги
Когда включат отопление,вопрос
Необходимо оформить пособие по уходу за ребенком,запрос услуги
Какие документы нужны для субсидии,вопрос
Можно сделать велодорожку вдоль набережной,предложение
Предлагаю установить автомат с водой в поликлинике,предложение
Прошу выдать справку о доходах,запрос услуги
Куда пожаловаться на шум от соседей,вопрос
Где можно получить справку о прописке,вопрос
Предлагаю установить больше скамеек в парке,предложение
Не работает уличное освещение,жалоба
"Громкая музыка ночью, невозможно уснуть",жалоба
Не убирают мусор во дворе,жалоба
Необходимо оформить пособие по уходу за ребенком,запрос услуги
Нужно добавить больше урн во дворе,предложение
Как записать ребенка в детский сад,вопрос
Прошу зарегистрировать обращение по вопросу благоустройства,запрос услуги
Прошу назначить дату приема в администрации,запрос услуги
Невозможно дозвониться в управляющую компанию,жалоба
Сколько стоит оформить загранпаспорт,вопрос
Прошу назначить дату приема в администрации,запрос услуги
Стоит добавить лавочки у остановок,предложение
Предлагаю установить больше скамеек в парке,предложение
Можно сделать велодорожку вдоль набережной,предложение
В поликлинике большие очереди,жалоба
Хорошо бы посадить деревья вдоль дороги,предложение
Где можно получить справку о прописке,вопрос
Нужно оформить загранпаспорт,запрос услуги
Как записаться к врачу через портал,вопрос
Когда включат отопление,вопрос
Необходимо оформить пособие по уходу за ребенком,запрос услуги
Сколько стоит оформить загранпаспорт,вопрос
Хорошо бы сделать детскую площадку,предложение
Как получить льготу на проезд,вопрос
Какие документы нужны для субсидии,вопрос
Какие документы нужны для субсидии,вопрос
Не работает уличное освещение,жалоба
Хорошо бы посадить деревья вдоль дороги,предложение
Когда включат отопление,вопрос
Прошу оформить справку о составе семьи,запрос услуги
Нужно добавить больше урн во дворе,предложение
Прошу направить специалиста для проверки отопления,запрос услуги
В подъезде перегорела лампочка,жалоба
Можно сделать дополнительную парковку у школы,предложение
Хорошо бы сделать детскую площадку,предложение
Когда начнется ремонт дороги на нашей улице,вопрос
Необходимо зарегистрировать новое место жительства,запрос услуги
Стоит добавить лавочки у остановок,предложение
Предлагаю улучшить освещение в парке,предложение
Стоит добавить лавочки у остановок,предложение
Когда начнется ремонт дороги на нашей улице,вопрос
Когда включат отопление,вопрос
Невозможно дозвониться в управляющую компанию,жалоба
Какие документы нужны для субсидии,вопрос
Предлагаю установить автомат с водой в поликлинике,предложение
Хочу подать заявление на получение субсидии,запрос услуги
"Дорога вся в ямах, невозможно проехать",жалоба
Куда обращаться по вопросам отопления,вопрос
Предлагаю установить больше скамеек в парке,предложение
Стоит добавить лавочки у остановок,предложение
Протекает крыша после дождя,жалоба
Можно организовать больше занятий для школьников,предложение
Нужно оформить загранпаспорт,запрос услуги
Не работает уличное освещение,жалоба
Не убирают мусор во дворе,жалоба
Какие документы нужны для субсидии,вопрос
Куда пожаловаться на шум от соседей,вопрос
Можно организовать больше занятий для школьников,предложение
В подъезде перегорела лампочка,жалоба
Когда начнется ремонт дороги на нашей улице,вопрос
Предлагаю установить автомат с водой в поликлинике,предложение
Предлагаю установить автомат с водой в поликлинике,предложение
Какие документы нужны для субсидии,вопрос
Прошу назначить дату приема в администрации,запрос услуги
Нужно оформить загранпаспорт,запрос услуги
Не убирают мусор во дворе,жалоба
Можно сделать велодорожку вдоль набережной,предложение
Как записать ребенка в детский сад,вопрос
Нужно оформить загранпаспорт,запрос услуги
Не убрали снег у подъезда,жалоба
Как записаться к врачу через портал,вопрос
"Громкая музыка ночью, невозможно уснуть",жалоба
В подъезде перегорела лампочка,жалоба
Сколько стоит оформить загранпаспорт,вопрос
Можно организовать больше занятий для школьников,предложение
Можно сделать дополнительную парковку у школы,предложение
Когда включат отопление,вопрос
Где можно получить справку о прописке,вопрос
Когда начнется ремонт дороги на нашей улице,вопрос
Не работает уличное освещение,жалоба
Невозможно дозвониться в управляющую компанию,жалоба
Нужно добавить больше урн во дворе,предложение
В поликлинике большие очереди,жалоба
Прошу направить специалиста для проверки отопления,запрос услуги
Сколько стоит оформить загранпаспорт,вопрос
Стоит добавить лавочки у остановок,предложение
Не убирают мусор во дворе,жалоба
Когда включат отопление,вопрос
"Громкая музыка ночью, невозможно уснуть",жалоба
Необходимо зарегистрировать новое место жительства,запрос услуги
"Дорога вся в ямах, невозможно проехать",жалоба
Протекает крыша после дождя,жалоба
Прошу оформить справку о составе семьи,запрос услуги
Не убирают мусор во дворе,жалоба
Прошу назначить дату приема в администрации,запрос услуги
Не убрали снег у подъезда,жалоба
Как получить льготу на проезд,вопрос
Протекает крыша после дождя,жалоба
Прошу оформить справку о составе семьи,запрос услуги
Не работает уличное освещение,жалоба
Как записать ребенка в детский сад,вопрос
Нужно оформить загранпаспорт,запрос услуги
Нужно оформить загранпаспорт,запрос услуги
Прошу выдать справку о доходах,запрос услуги
Как получить льготу на проезд,вопрос
"Дорога вся в ямах, невозможно проехать",жалоба
Куда обращаться по вопросам отопления,вопрос
Хочу подать заявление на получение субсидии,запрос услуги
Протекает крыша после дождя,жалоба
Протекает крыша после дождя,жалоба
"Громкая музыка ночью, невозможно уснуть",жалоба
Протекает крыша после дождя,жалоба
Не убирают мусор во дворе,жалоба
Не работает лифт в доме,жалоба
Прошу назначить дату приема в администрации,запрос услуги
Прошу назначить дату приема в администрации,запрос услуги
Невозможно дозвониться в управляющую компанию,жалоба
Невозможно дозвониться в управляющую компанию,жалоба
Прошу зарегистрировать обращение по вопросу благоустройства,запрос услуги
Куда обращаться по вопросам отопления,вопрос
Хорошо бы сделать детскую площадку,предложение
"Дорога вся в ямах, невозможно проехать",жалоба
Прошу направить специалиста для проверки отопления,запрос услуги
Предлагаю установить автомат с водой в поликлинике,предложение
Прошу зарегистрировать обращение по вопросу благоустройства,запрос услуги
Прошу направить специалиста для проверки отопления,запрос услуги
Прошу оформить справку о составе семьи,запрос услуги
Прошу выдать дубликат свидетельства о рождении,запрос услуги
В поликлинике большие очереди,жалоба
Хорошо бы сделать детскую площадку,предложение
Можно сделать велодорожку вдоль набережной,предложение
Прошу выдать дубликат свидетельства о рождении,запрос услуги
Хорошо бы сделать детскую площадку,предложение
Предлагаю улучшить освещение в парке,предложение
Прошу оформить справку о составе семьи,запрос услуги
Когда начнется ремонт дороги на нашей улице,вопрос
Когда включат отопление,вопрос
Прошу направить специалиста для проверки отопления,запрос услуги
"Дорога вся в ямах, невозможно проехать",жалоба
Прошу выдать дубликат свидетельства о рождении,запрос услуги
Когда включат отопление,вопрос
Где можно получить справку о прописке,вопрос
Когда начнется ремонт дороги на нашей улице,вопрос
Необходимо зарегистрировать новое место жительства,запрос услуги
Прошу выдать справку о доходах,запрос услуги
"Дорога вся в ямах, невозможно проехать",жалоба
Прошу зарегистрировать обращение по вопросу благоустройства,запрос услуги
Прошу выдать дубликат свидетельства о рождении,запрос услуги
Можно сделать велодорожку вдоль набережной,предложение
Когда включат отопление,вопрос
Сколько стоит оформить загранпаспорт,вопрос
Как записать ребенка в детский сад,вопрос
Какие документы нужны для субсидии,вопрос
Как записать ребенка в детский сад,вопрос
Протекает крыша после дождя,жалоба
Прошу зарегистрировать обращение по вопросу благоустройства,запрос услуги
Когда включат отопление,вопрос
Прошу зарегистрировать обращение по вопросу благоустройства,запрос услуги
Прошу назначить дату приема в администрации,запрос услуги
В подъезде перегорела лампочка,жалоба
Хорошо бы сделать детскую площадку,предложение
Прошу выдать дубликат свидетельства о рождении,запрос услуги
"Дорога вся в ямах, невозможно проехать",жалоба
В поликлинике большие очереди,жалоба
Не убирают мусор во дворе,жалоба
Не убрали снег у подъезда,жалоба
В поликлинике большие очереди,жалоба
Хочу подать заявление на получение субсидии,запрос услуги
Как записать ребенка в детский сад,вопрос
Прошу оформить справку о составе семьи,запрос услуги
Как получить льготу на проезд,вопрос
Не работает лифт в доме,жалоба
Как записаться к врачу через портал,вопрос
Прошу назначить дату приема в администрации,запрос услуги
Прошу выдать справку о доходах,запрос услуги
В поликлинике большие очереди,жалоба
Необходимо зарегистрировать новое место жительства,запрос услуги
Хорошо бы сделать детскую площадку,предложение
Как записать ребенка в детский сад,вопрос
Прошу оформить справку о составе семьи,запрос услуги
Когда включат отопление,вопрос
Нужно оформить загранпаспорт,запрос услуги
Можно организовать больше занятий для школьников,предложение
Предлагаю улучшить освещение в парке,предложение
Прошу выдать справку о доходах,запрос услуги
Можно организовать больше занятий для школьников,предложение
Не работает уличное освещение,жалоба
Не убрали снег у подъезда,жалоба
Не работает лифт в доме,жалоба
Не работает уличное освещение,жалоба
Хорошо бы посадить деревья вдоль дороги,предложение
Куда пожаловаться на шум от соседей,вопрос
Нужно добавить больше урн во дворе,предложение
Хочу подать заявление на получение субсидии,запрос услуги
Не убирают мусор во дворе,жалоба
Необходимо зарегистрировать новое место жительства,запрос услуги
Куда пожаловаться на шум от соседей,вопрос
Прошу оформить справку о составе семьи,запрос услуги
Можно сделать велодорожку вдоль набережной,предложение
Предлагаю установить больше скамеек в парке,предложение
Куда пожаловаться на шум от соседей,вопрос
Прошу выдать дубликат свидетельства о рождении,запрос услуги
Необходимо оформить пособие по уходу за ребенком,запрос услуги
Необходимо зарегистрировать новое место жительства,запрос услуги
Хочу подать заявление на получение субсидии,запрос услуги
Стоит добавить лавочки у остановок,предложение
Когда начнется ремонт дороги на нашей улице,вопрос
Прошу выдать справку о доходах,запрос услуги
Как записать ребенка в детский сад,вопрос
Какие документы нужны для субсидии,вопрос
Куда пожаловаться на шум от соседей,вопрос
Хорошо бы сделать детскую площадку,предложение
Как записаться к врачу через портал,вопрос
Необходимо оформить пособие по уходу за ребенком,запрос услуги
Хочу подать заявление на получение субсидии,запрос услуги
Протекает крыша после дождя,жалоба
Не убрали снег у подъезда,жалоба
Нужно оформить загранпаспорт,запрос услуги
Предлагаю установить больше скамеек в парке,предложение
Протекает крыша после дождя,жалоба
Предлагаю улучшить освещение в парке,предложение
Не убрали снег у подъезда,жалоба
Можно сделать дополнительную парковку у школы,предложение
Не работает уличное освещение,жалоба
Где можно получить справку о прописке,вопрос
Прошу назначить дату приема в администрации,запрос услуги
Не убрали снег у подъезда,жалоба
Прошу оформить справку о составе семьи,запрос услуги
Не убрали снег у подъезда,жалоба
Когда начнется ремонт дороги на нашей улице,вопрос
Предлагаю установить больше скамеек в парке,предложение
Где можно получить справку о прописке,вопрос
Предлагаю улучшить освещение в парке,предложение
Предлагаю установить автомат с водой в поликлинике,предложение
"Громкая музыка ночью, невозможно уснуть",жалоба
Хорошо бы посадить деревья вдоль дороги,предложение
Хорошо бы сделать детскую площадку,предложение
Сколько стоит оформить загранпаспорт,вопрос
Сколько стоит оформить загранпаспорт,вопрос
Нужно оформить загранпаспорт,запрос услуги
Прошу оформить справку о составе семьи,запрос услуги
Не работает уличное освещение,жалоба
Можно сделать дополнительную парковку у школы,предложение
Не убрали снег у подъезда,жалоба
Невозможно дозвониться в управляющую компанию,жалоба
Прошу назначить дату приема в администрации,запрос услуги
Прошу назначить дату приема в администрации,запрос услуги
В поликлинике большие очереди,жалоба
Где можно получить справку о прописке,вопрос
Какие документы нужны для субсидии,вопрос
Нужно оформить загранпаспорт,запрос услуги
Когда начнется ремонт дороги на нашей улице,вопрос
В подъезде перегорела лампочка,жалоба
Прошу выдать справку о доходах,запрос услуги
Прошу направить специалиста для проверки отопления,запрос услуги
Предлагаю улучшить освещение в парке,предложение
Куда обращаться по вопросам отопления,вопрос
Когда начнется ремонт дороги на нашей улице,вопрос
Где можно получить справку о прописке,вопрос
Можно сделать велодорожку вдоль набережной,предложение
Можно организовать больше занятий для школьников,предложение
Предлагаю улучшить освещение в парке,предложение
Как записать ребенка в детский сад,вопрос
Необходимо зарегистрировать новое место жительства,запрос услуги
Прошу назначить дату приема в администрации,запрос услуги
Хочу подать заявление на получение субсидии,запрос услуги
Сколько стоит оформить загранпаспорт,вопрос
Когда начнется ремонт дороги на нашей улице,вопрос
Прошу направить специалиста для проверки отопления,запрос услуги
Не работает лифт в доме,жалоба
Не убирают мусор во дворе,жалоба
Невозможно дозвониться в управляющую компанию,жалоба
Предлагаю установить больше скамеек в парке,предложение
"Дорога вся в ямах, невозможно проехать",жалоба
Необходимо оформить пособие по уходу за ребенком,запрос услуги
Куда пожаловаться на шум от соседей,вопрос
Можно организовать больше занятий для школьников,предложение
"Дорога вся в ямах, невозможно проехать",жалоба
Можно сделать дополнительную парковку у школы,предложение
Необходимо зарегистрировать новое место жительства,запрос услуги
Прошу оформить справку о составе семьи,запрос услуги
Предлагаю установить больше скамеек в парке,предложение
Как записать ребенка в детский сад,вопрос
"Громкая музыка ночью, невозможно уснуть",жалоба
Прошу зарегистрировать обращение по вопросу благоустройства,запрос услуги
Прошу назначить дату приема в администрации,запрос услуги
Куда пожаловаться на шум от соседей,вопрос
Предлагаю установить автомат с водой в поликлинике,предложение
Сколько стоит оформить загранпаспорт,вопрос
Необходимо зарегистрировать новое место жительства,запрос услуги
"Громкая музыка ночью, невозможно уснуть",жалоба
Не убирают мусор во дворе,жалоба
Нужно оформить загранпаспорт,запрос услуги
Как записаться к врачу через портал,вопрос
Предлагаю установить автомат с водой в поликлинике,предложение
Прошу направить специалиста для проверки отопления,запрос услуги
Невозможно дозвониться в управляющую компанию,жалоба
Нужно добавить больше урн во дворе,предложение
Протекает крыша после дождя,жалоба
"Дорога вся в ямах, невозможно проехать",жалоба
Сколько стоит оформить загранпаспорт,вопрос
В поликлинике большие очереди,жалоба
Не работает уличное освещение,жалоба
Нужно оформить загранпаспорт,запрос услуги
Можно сделать велодорожку вдоль набережной,предложение
Как записаться к врачу через портал,вопрос
Не убирают мусор во дворе,жалоба
Протекает крыша после дождя,жалоба
Невозможно дозвониться в управляющую компанию,жалоба
Нужно добавить больше урн во дворе,предложение
В подъезде перегорела лампочка,жалоба
Сколько стоит оформить загранпаспорт,вопрос
Как записать ребенка в детский сад,вопрос
Протекает крыша после дождя,жалоба
Можно организовать больше занятий для школьников,предложение
Где можно получить справку о прописке,вопрос
Прошу зарегистрировать обращение по вопросу благоустройства,запрос услуги
Невозможно дозвониться в управляющую компанию,жалоба
Сколько стоит оформить загранпаспорт,вопрос
Не убирают мусор во дворе,жалоба
Предлагаю улучшить освещение в парке,предложение
Какие документы нужны для субсидии,вопрос
Как записать ребенка в детский сад,вопрос
Куда пожаловаться на шум от соседей,вопрос
Нужно добавить больше урн во дворе,предложение
Не убирают мусор во дворе,жалоба
Нужно добавить больше урн во дворе,предложение
Необходимо оформить пособие по уходу за ребенком,запрос услуги
Какие документы нужны для субсидии,вопрос
Нужно оформить загранпаспорт,запрос услуги
Прошу зарегистрировать обращение по вопросу благоустройства,запрос услуги
Можно сделать велодорожку вдоль набережной,предложение
Стоит добавить лавочки у остановок,предложение
Какие документы нужны для субсидии,вопрос
Можно сделать дополнительную парковку у школы,предложение
Какие документы нужны для субсидии,вопрос
В подъезде перегорела лампочка,жалоба
Можно сделать дополнительную парковку у школы,предложение
В подъезде перегорела лампочка,жалоба
Как получить льготу на проезд,вопрос
Куда пожаловаться на шум от соседей,вопрос
Нужно оформить загранпаспорт,запрос услуги
Можно сделать велодорожку вдоль набережной,предложение
Невозможно дозвониться в управляющую компанию,жалоба
В подъезде перегорела лампочка,жалоба
В поликлинике большие очереди,жалоба
Прошу зарегистрировать обращение по вопросу благоустройства,запрос услуги
Как записать ребенка в детский сад,вопрос
Можно организовать больше занятий для школьников,предложение
Необходимо оформить пособие по уходу за ребенком,запрос услуги
Можно сделать велодорожку вдоль набережной,предложение
Прошу направить специалиста для проверки отопления,запрос услуги
Протекает крыша после дождя,жалоба
"Дорога вся в ямах, невозможно проехать",жалоба
Необходимо зарегистрировать новое место жительства,запрос услуги
"Громкая музыка ночью, невозможно уснуть",жалоба
Как получить льготу на проезд,вопрос
Хорошо бы посадить деревья вдоль дороги,предложение
Можно сделать дополнительную парковку у школы,предложение
Куда пожаловаться на шум от соседей,вопрос
Хорошо бы посадить деревья вдоль дороги,предложение
Хорошо бы сделать детскую площадку,предложение
Стоит добавить лавочки у остановок,предложение
"Громкая музыка ночью, невозможно уснуть",жалоба
Какие документы нужны для субсидии,вопрос
Не убирают мусор во дворе,жалоба
Где можно получить справку о прописке,вопрос
Можно сделать дополнительную парковку у школы,предложение
Нужно оформить загранпаспорт,запрос услуги
Необходимо оформить пособие по уходу за ребенком,запрос услуги
Прошу оформить справку о составе семьи,запрос услуги
Куда пожаловаться на шум от соседей,вопрос
"Дорога вся в ямах, невозможно проехать",жалоба
Не работает лифт в доме,жалоба
Когда начнется ремонт дороги на нашей улице,вопрос
Можно сделать велодорожку вдоль набережной,предложение
Не работает уличное освещение,жалоба
Можно сделать дополнительную парковку у школы,предложение
Предлагаю установить больше скамеек в парке,предложение
Предлагаю установить больше скамеек в парке,предложение
Можно сделать велодорожку вдоль набережной,предложение
Прошу оформить справку о составе семьи,запрос услуги
Стоит добавить лавочки у остановок,предложение
Хорошо бы сделать детскую площадку,предложение
Можно сделать велодорожку вдоль набережной,предложение
Невозможно дозвониться в управляющую компанию,жалоба
Когда включат отопление,вопрос
Можно организовать больше занятий для школьников,предложение
Какие документы нужны для субсидии,вопрос
Можно сделать дополнительную парковку у школы,предложение
Предлагаю улучшить освещение в парке,предложение
Можно организовать больше занятий для школьников,предложение
"Громкая музыка ночью, невозможно уснуть",жалоба
Прошу оформить справку о составе семьи,запрос услуги
"Громкая музыка ночью, невозможно уснуть",жалоба
Не убрали снег у подъезда,жалоба
Сколько стоит оформить загранпаспорт,вопрос
Не убирают мусор во дворе,жалоба
"Громкая музыка ночью, невозможно уснуть",жалоба
"Громкая музыка ночью, невозможно уснуть",жалоба
Прошу оформить справку о составе семьи,запрос услуги
Можно сделать дополнительную парковку у школы,предложение
"Громкая музыка ночью, невозможно уснуть",жалоба
Необходимо оформить пособие по уходу за ребенком,запрос услуги
Можно сделать велодорожку вдоль набережной,предложение
Не убрали снег у подъезда,жалоба
Стоит добавить лавочки у остановок,предложение
Как записаться к врачу через портал,вопрос
Прошу назначить дату приема в администрации,запрос услуги
Не убрали снег у подъезда,жалоба
Когда включат отопление,вопрос
Когда включат отопление,вопрос
Не убирают мусор во дворе,жалоба
Необходимо зарегистрировать новое место жительства,запрос услуги
Необходимо зарегистрировать новое место жительства,запрос услуги
Куда пожаловаться на шум от соседей,вопрос
Невозможно дозвониться в управляющую компанию,жалоба
Предлагаю установить больше скамеек в парке,предложение
Куда обращаться по вопросам отопления,вопрос
Прошу оформить справку о составе семьи,запрос услуги
Какие документы нужны для субсидии,вопрос
Прошу выдать справку о доходах,запрос услуги
"Громкая музыка ночью, невозможно уснуть",жалоба
Прошу оформить справку о составе семьи,запрос услуги
Когда начнется ремонт дороги на нашей улице,вопрос
Не работает лифт в доме,жалоба
Предлагаю установить автомат с водой в поликлинике,предложение
Хорошо бы сделать детскую площадку,предложение
Не работает уличное освещение,жалоба
Какие документы нужны для субсидии,вопрос
Какие документы нужны для субсидии,вопрос
"Дорога вся в ямах, невозможно проехать",жалоба
Нужно добавить больше урн во дворе,предложение
Не убирают мусор во дворе,жалоба
Где можно получить справку о прописке,вопрос
Не работает уличное освещение,жалоба
Предлагаю установить больше скамеек в парке,предложение
Прошу оформить справку о составе семьи,запрос услуги
Предлагаю установить автомат с водой в поликлинике,предложение
Протекает крыша после дождя,жалоба
"Громкая музыка ночью, невозможно уснуть",жалоба
Прошу назначить дату приема в администрации,запрос услуги
Невозможно дозвониться в управляющую компанию,жалоба
Не работает уличное освещение,жалоба
Прошу выдать справку о доходах,запрос услуги
Прошу назначить дату приема в администрации,запрос услуги
Прошу направить специалиста для проверки отопления,запрос услуги
Необходимо зарегистрировать новое место жительства,запрос услуги
Не убрали снег у подъезда,жалоба
Как записаться к врачу через портал,вопрос
Когда включат отопление,вопрос
Невозможно дозвониться в управляющую компанию,жалоба
Сколько стоит оформить загранпаспорт,вопрос
Не убирают мусор во дворе,жалоба
Можно сделать велодорожку вдоль набережной,предложение
"Дорога вся в ямах, невозможно проехать",жалоба
Когда начнется ремонт дороги на нашей улице,вопрос
Невозможно дозвониться в управляющую компанию,жалоба
Как получить льготу на проезд,вопрос
Необходимо зарегистрировать новое место жительства,запрос услуги
Хорошо бы сделать детскую площадку,предложение
Протекает крыша после дождя,жалоба
Невозможно дозвониться в управляющую компанию,жалоба
Необходимо оформить пособие по уходу за ребенком,запрос услуги
В поликлинике большие очереди,жалоба
Предлагаю установить автомат с водой в поликлинике,предложение
Стоит добавить лавочки у остановок,предложение
Необходимо зарегистрировать новое место жительства,запрос услуги
Стоит добавить лавочки у остановок,предложение
Куда обращаться по вопросам отопления,вопрос
Невозможно дозвониться в управляющую компанию,жалоба
Нужно оформить загранпаспорт,запрос услуги
Протекает крыша после дождя,жалоба
Куда пожаловаться на шум от соседей,вопрос
Куда обращаться по вопросам отопления,вопрос
"Дорога вся в ямах, невозможно проехать",жалоба
"Громкая музыка ночью, невозможно уснуть",жалоба
Сколько стоит оформить загранпаспорт,вопрос
Можно организовать больше занятий для школьников,предложение
Необходимо оформить пособие по уходу за ребенком,запрос услуги
Нужно оформить загранпаспорт,запрос услуги
Предлагаю установить автомат с водой в поликлинике,предложение
Прошу выдать дубликат свидетельства о рождении,запрос услуги
Хочу подать заявление на получение субсидии,запрос услуги
Стоит добавить лавочки у остановок,предложение
Необходимо зарегистрировать новое место жительства,запрос услуги
Куда обращаться по вопросам отопления,вопрос
Прошу направить специалиста для проверки отопления,запрос услуги
Не работает уличное освещение,жалоба
"Громкая музыка ночью, невозможно уснуть",жалоба
Прошу выдать дубликат свидетельства о рождении,запрос услуги
Необходимо зарегистрировать новое место жительства,запрос услуги
Прошу назначить дату приема в администрации,запрос услуги
Не убирают мусор во дворе,жалоба
В подъезде перегорела лампочка,жалоба
В поликлинике большие очереди,жалоба
Нужно оформить загранпаспорт,запрос услуги
Какие документы нужны для субсидии,вопрос
Прошу назначить дату приема в администрации,запрос услуги
В подъезде перегорела лампочка,жалоба
"Громкая музыка ночью, невозможно уснуть",жалоба
Можно сделать велодорожку вдоль набережной,предложение
Нужно оформить загранпаспорт,запрос услуги
Хорошо бы посадить деревья вдоль дороги,предложение
Когда включат отопление,вопрос
Когда включат отопление,вопрос
Как записаться к врачу через портал,вопрос
Прошу оформить справку о составе семьи,запрос услуги
Не убирают мусор во дворе,жалоба
Прошу назначить дату приема в администрации,запрос услуги
Прошу выдать дубликат свидетельства о рождении,запрос услуги
В поликлинике большие очереди,жалоба
Как записать ребенка в детский сад,вопрос
Можно сделать дополнительную парковку у школы,предложение
Хорошо бы сделать детскую площадку,предложение
Можно сделать дополнительную парковку у школы,предложение
Когда начнется ремонт дороги на нашей улице,вопрос
Где можно получить справку о прописке,вопрос
Не работает лифт в доме,жалоба
Не убрали снег у подъезда,жалоба
Необходимо зарегистрировать новое место жительства,запрос услуги
Протекает крыша после дождя,жалоба
Необходимо оформить пособие по уходу за ребенком,запрос услуги
"Громкая музыка ночью, невозможно уснуть",жалоба
Хорошо бы посадить деревья вдоль дороги,предложение
Нужно добавить больше урн во дворе,предложение
Нужно добавить больше урн во дворе,предложение
Не убирают мусор во дворе,жалоба
Как получить льготу на проезд,вопрос
В подъезде перегорела лампочка,жалоба
"Дорога вся в ямах, невозможно проехать",жалоба
Прошу оформить справку о составе семьи,запрос услуги
Не убирают мусор во дворе,жалоба
Хорошо бы посадить деревья вдоль дороги,предложение
Прошу зарегистрировать обращение по вопросу благоустройства,запрос услуги
Предлагаю установить больше скамеек в парке,предложение
Как записаться к врачу через портал,вопрос
Не работает лифт в доме,жалоба
В подъезде перегорела лампочка,жалоба
Прошу зарегистрировать обращение по вопросу благоустройства,запрос услуги
Когда начнется ремонт дороги на нашей улице,вопрос
Как получить льготу на проезд,вопрос
Можно организовать больше занятий для школьников,предложение
Хорошо бы посадить деревья вдоль дороги,предложение
Сколько стоит оформить загранпаспорт,вопрос
Где можно получить справку о прописке,вопрос
Нужно добавить больше урн во дворе,предложение
Не убрали снег у подъезда,жалоба
Прошу назначить дату приема в администрации,запрос услуги
"Дорога вся в ямах, невозможно проехать",жалоба
Можно сделать дополнительную парковку у школы,предложение
Можно организовать больше занятий для школьников,предложение
Можно сделать велодорожку вдоль набережной,предложение
Можно сделать дополнительную парковку у школы,предложение
В подъезде перегорела лампочка,жалоба
"Дорога вся в ямах, невозможно проехать",жалоба
Когда включат отопление,вопрос
Прошу зарегистрировать обращение по вопросу благоустройства,запрос услуги
Невозможно дозвониться в управляющую компанию,жалоба
"Громкая музыка ночью, невозможно уснуть",жалоба
Не убирают мусор во дворе,жалоба
Не работает уличное освещение,жалоба
Как записать ребенка в детский сад,вопрос
Прошу зарегистрировать обращение по вопросу благоустройства,запрос услуги
Хорошо бы посадить деревья вдоль дороги,предложение
Не работает лифт в доме,жалоба
Как записать ребенка в детский сад,вопрос
Как записаться к врачу через портал,вопрос
Можно организовать больше занятий для школьников,предложение
В подъезде перегорела лампочка,жалоба
Сколько стоит оформить загранпаспорт,вопрос
Как получить льготу на проезд,вопрос
Прошу назначить дату приема в администрации,запрос услуги
"Громкая музыка ночью, невозможно уснуть",жалоба
Как записаться к врачу через портал,вопрос
"Громкая музыка ночью, невозможно уснуть",жалоба
Можно организовать больше занятий для школьников,предложение
В подъезде перегорела лампочка,жалоба
Можно сделать велодорожку вдоль набережной,предложение
Необходимо зарегистрировать новое место жительства,запрос услуги
Как записать ребенка в детский сад,вопрос
Хорошо бы посадить деревья вдоль дороги,предложение
Хорошо бы посадить деревья вдоль дороги,предложение
Как получить льготу на проезд,вопрос
Невозможно дозвониться в управляющую компанию,жалоба
Можно сделать велодорожку вдоль набережной,предложение
Хочу подать заявление на получение субсидии,запрос услуги
Не работает лифт в доме,жалоба
Когда включат отопление,вопрос
В подъезде перегорела лампочка,жалоба
Прошу выдать дубликат свидетельства о рождении,запрос услуги
Не работает лифт в доме,жалоба
Прошу направить специалиста для проверки отопления,запрос услуги
Прошу направить специалиста для проверки отопления,запрос услуги
"Громкая музыка ночью, невозможно уснуть",жалоба
Как записать ребенка в детский сад,вопрос
Как записать ребенка в детский сад,вопрос
Когда включат отопление,вопрос
Какие документы нужны для субсидии,вопрос
Предлагаю улучшить освещение в парке,предложение
Куда пожаловаться на шум от соседей,вопрос
Прошу выдать справку о доходах,запрос услуги
Какие документы нужны для субсидии,вопрос
Необходимо оформить пособие по уходу за ребенком,запрос услуги
Необходимо оформить пособие по уходу за ребенком,запрос услуги
Прошу направить специалиста для проверки отопления,запрос услуги
Протекает крыша после дождя,жалоба
Прошу направить специалиста для проверки отопления,запрос услуги
Прошу выдать справку о доходах,запрос услуги
Хочу подать заявление на получение субсидии,запрос услуги
Как записаться к врачу через портал,вопрос
Сколько стоит оформить загранпаспорт,вопрос
Хорошо бы посадить деревья вдоль дороги,предложение
Сколько стоит оформить загранпаспорт,вопрос
Протекает крыша после дождя,жалоба
Необходимо зарегистрировать новое место жительства,запрос услуги
Как получить льготу на проезд,вопрос
Предлагаю установить больше скамеек в парке,предложение
Не убрали снег у подъезда,жалоба
Не работает лифт в доме,жалоба
Можно сделать дополнительную парковку у школы,предложение
Не убирают мусор во дворе,жалоба
Невозможно дозвониться в управляющую компанию,жалоба
Невозможно дозвониться в управляющую компанию,жалоба
Когда начнется ремонт дороги на нашей улице,вопрос
Где можно получить справку о прописке,вопрос
"Дорога вся в ямах, невозможно проехать",жалоба
Можно организовать больше занятий для школьников,предложение
Необходимо зарегистрировать новое место жительства,запрос услуги
В подъезде перегорела лампочка,жалоба
Не убирают мусор во дворе,жалоба
Хорошо бы посадить деревья вдоль дороги,предложение
Прошу назначить дату приема в администрации,запрос услуги
Можно сделать дополнительную парковку у школы,предложение
Не работает лифт в доме,жалоба
Хорошо бы сделать детскую площадку,предложение
Не убирают мусор во дворе,жалоба
Можно сделать дополнительную парковку у школы,предложение
Не работает лифт в доме,жалоба
Можно сделать дополнительную парковку у школы,предложение
Предлагаю установить больше скамеек в парке,предложение
Как записаться к врачу через портал,вопрос
Прошу зарегистрировать обращение по вопросу благоустройства,запрос услуги
"Громкая музыка ночью, невозможно уснуть",жалоба
В поликлинике большие очереди,жалоба
"Дорога вся в ямах, невозможно проехать",жалоба
Необходимо оформить пособие по уходу за ребенком,запрос услуги
Когда включат отопление,вопрос
Когда включат отопление,вопрос
Прошу выдать справку о доходах,запрос услуги
Предлагаю улучшить освещение в парке,предложение
Когда начнется ремонт дороги на нашей улице,вопрос
Куда обращаться по вопросам отопления,вопрос
Предлагаю установить больше скамеек в парке,предложение
Прошу оформить справку о составе семьи,запрос услуги
Прошу выдать справку о доходах,запрос услуги
Стоит добавить лавочки у остановок,предложение
Нужно добавить больше урн во дворе,предложение
Предлагаю установить автомат с водой в поликлинике,предложение
Когда включат отопление,вопрос
Сколько стоит оформить загранпаспорт,вопрос
Хочу подать заявление на получение субсидии,запрос услуги
Невозможно дозвониться в управляющую компанию,жалоба
Можно организовать больше занятий для школьников,предложение
Предлагаю установить больше скамеек в парке,предложение
Необходимо зарегистрировать новое место жительства,запрос услуги
Прошу выдать справку о доходах,запрос услуги
Куда обращаться по вопросам отопления,вопрос
Куда обращаться по вопросам отопления,вопрос
Прошу выдать дубликат свидетельства о рождении,запрос услуги
Не работает уличное освещение,жалоба
Где можно получить справку о прописке,вопрос
Прошу направить специалиста для проверки отопления,запрос услуги
Не убрали снег у подъезда,жалоба
Где можно получить справку о прописке,вопрос
"Дорога вся в ямах, невозможно проехать",жалоба
Можно сделать велодорожку вдоль набережной,предложение
Прошу выдать справку о доходах,запрос услуги
Не убирают мусор во дворе,жалоба
Хорошо бы посадить деревья вдоль дороги,предложение
Когда начнется ремонт дороги на нашей улице,вопрос
Прошу назначить дату приема в администрации,запрос услуги
Предлагаю улучшить освещение в парке,предложение
Хочу подать заявление на получение субсидии,запрос услуги
Хорошо бы сделать детскую площадку,предложение
Можно сделать дополнительную парковку у школы,предложение
"Дорога вся в ямах, невозможно проехать",жалоба
Хочу подать заявление на получение субсидии,запрос услуги
Куда пожаловаться на шум от соседей,вопрос
Прошу назначить дату приема в администрации,запрос услуги
Невозможно дозвониться в управляющую компанию,жалоба
Нужно оформить загранпаспорт,запрос услуги
В подъезде перегорела лампочка,жалоба
Можно сделать велодорожку вдоль набережной,предложение
Не убрали снег у подъезда,жалоба
Нужно добавить больше урн во дворе,предложение
Не работает уличное освещение,жалоба
Как записать ребенка в детский сад,вопрос
Нужно оформить загранпаспорт,запрос услуги
"Дорога вся в ямах, невозможно проехать",жалоба
В поликлинике большие очереди,жалоба
Где можно получить справку о прописке,вопрос
Можно организовать больше занятий для школьников,предложение
Какие документы нужны для субсидии,вопрос
Не работает лифт в доме,жалоба
Какие документы нужны для субсидии,вопрос
Необходимо зарегистрировать новое место жительства,запрос услуги
Как получить льготу на проезд,вопрос
Не убрали снег у подъезда,жалоба
Невозможно дозвониться в управляющую компанию,жалоба
Прошу направить специалиста для проверки отопления,запрос услуги
Протекает крыша после дождя,жалоба
Невозможно дозвониться в управляющую компанию,жалоба
Невозможно дозвониться в управляющую компанию,жалоба
В подъезде перегорела лампочка,жалоба
Куда обращаться по вопросам отопления,вопрос
Прошу выдать справку о доходах,запрос услуги
Нужно добавить больше урн во дворе,предложение
Прошу направить специалиста для проверки отопления,запрос услуги
Необходимо зарегистрировать новое место жительства,запрос услуги
Необходимо оформить пособие по уходу за ребенком,запрос услуги
Когда начнется ремонт дороги на нашей улице,вопрос
Прошу оформить справку о составе семьи,запрос услуги
Хочу подать заявление на получение субсидии,запрос услуги
В поликлинике большие очереди,жалоба
"Громкая музыка ночью, невозможно уснуть",жалоба
Не работает лифт в доме,жалоба
"Громкая музыка ночью, невозможно уснуть",жалоба
Прошу оформить справку о составе семьи,запрос услуги
Какие документы нужны для субсидии,вопрос
Необходимо зарегистрировать новое место жительства,запрос услуги
Нужно оформить загранпаспорт,запрос услуги
Как записаться к врачу через портал,вопрос
Предлагаю установить больше скамеек в парке,предложение
Куда обращаться по вопросам отопления,вопрос
Куда пожаловаться на шум от соседей,вопрос
Прошу оформить справку о составе семьи,запрос услуги
Не работает лифт в доме,жалоба
Стоит добавить лавочки у остановок,предложение
Можно сделать дополнительную парковку у школы,предложение
В подъезде перегорела лампочка,жалоба
Где можно получить справку о прописке,вопрос
Предлагаю установить автомат с водой в поликлинике,предложение
Не работает лифт в доме,жалоба
Не убрали снег у подъезда,жалоба
Хочу подать заявление на получение субсидии,запрос услуги
Не убрали снег у подъезда,жалоба
Стоит добавить лавочки у остановок,предложение
Можно сделать дополнительную парковку у школы,предложение
Можно сделать велодорожку вдоль набережной,предложение
Когда включат отопление,вопрос
В поликлинике большие очереди,жалоба
"Дорога вся в ямах, невозможно проехать",жалоба
Прошу оформить справку о составе семьи,запрос услуги
Хорошо бы посадить деревья вдоль дороги,предложение
Не работает лифт в доме,жалоба
Предлагаю установить больше скамеек в парке,предложение
Невозможно дозвониться в управляющую компанию,жалоба
В подъезде перегорела лампочка,жалоба
Прошу назначить дату приема в администрации,запрос услуги
Не убирают мусор во дворе,жалоба
Сколько стоит оформить загранпаспорт,вопрос
Предлагаю установить автомат с водой в поликлинике,предложение
Нужно оформить загранпаспорт,запрос услуги
Когда начнется ремонт дороги на нашей улице,вопрос
Хорошо бы сделать детскую площадку,предложение
Когда начнется ремонт дороги на нашей улице,вопрос
Не работает уличное освещение,жалоба
Можно сделать велодорожку вдоль набережной,предложение
Протекает крыша после дождя,жалоба
В подъезде перегорела лампочка,жалоба
Куда обращаться по вопросам отопления,вопрос
Как записать ребенка в детский сад,вопрос
Когда начнется ремонт дороги на нашей улице,вопрос
Протекает крыша после дождя,жалоба
Прошу назначить дату приема в администрации,запрос услуги
Не работает лифт в доме,жалоба
Предлагаю установить больше скамеек в парке,предложение
Куда обращаться по вопросам отопления,вопрос
Хорошо бы сделать детскую площадку,предложение
В поликлинике большие очереди,жалоба
В поликлинике большие очереди,жалоба
Как записаться к врачу через портал,вопрос
Можно сделать дополнительную парковку у школы,предложение
Можно сделать велодорожку вдоль набережной,предложение
Куда пожаловаться на шум от соседей,вопрос
Предлагаю установить автомат с водой в поликлинике,предложение
Когда начнется ремонт дороги на нашей улице,вопрос
Прошу зарегистрировать обращение по вопросу благоустройства,запрос услуги
Прошу выдать справку о доходах,запрос услуги
Как получить льготу на проезд,вопрос
Прошу направить специалиста для проверки отопления,запрос услуги
Куда пожаловаться на шум от соседей,вопрос
Где можно получить справку о прописке,вопрос
В подъезде перегорела лампочка,жалоба
Прошу направить специалиста для проверки отопления,запрос услуги
Не убрали снег у подъезда,жалоба
В подъезде перегорела лампочка,жалоба
Прошу выдать справку о доходах,запрос услуги
Прошу выдать дубликат свидетельства о рождении,запрос услуги
Не убирают мусор во дворе,жалоба
Нужно оформить загранпаспорт,запрос услуги
Когда начнется ремонт дороги на нашей улице,вопрос
Куда пожаловаться на шум от соседей,вопрос
Хорошо бы посадить деревья вдоль дороги,предложение
Нужно добавить больше урн во дворе,предложение
Как записать ребенка в детский сад,вопрос
"Громкая музыка ночью, невозможно уснуть",жалоба
Как записаться к врачу через портал,вопрос
"Дорога вся в ямах, невозможно проехать",жалоба
Можно сделать велодорожку вдоль набережной,предложение
Прошу выдать дубликат свидетельства о рождении,запрос услуги
Хорошо бы посадить деревья вдоль дороги,предложение
Предлагаю установить больше скамеек в парке,предложение
Хорошо бы сделать детскую площадку,предложение
Не работает уличное освещение,жалоба
Стоит добавить лавочки у остановок,предложение
Можно организовать больше занятий для школьников,предложение
Протекает крыша после дождя,жалоба
Хорошо бы посадить деревья вдоль дороги,предложение
Как получить льготу на проезд,вопрос
Как записаться к врачу через портал,вопрос
Нужно оформить загранпаспорт,запрос услуги
Прошу зарегистрировать обращение по вопросу благоустройства,запрос услуги
Прошу назначить дату приема в администрации,запрос услуги
Необходимо оформить пособие по уходу за ребенком,запрос услуги
Хорошо бы посадить деревья вдоль дороги,предложение
Прошу назначить дату приема в администрации,запрос услуги
Нужно добавить больше урн во дворе,предложение
Хочу подать заявление на получение субсидии,запрос услуги
"Громкая музыка ночью, невозможно уснуть",жалоба
Когда включат отопление,вопрос
"Дорога вся в ямах, невозможно проехать",жалоба
Прошу выдать дубликат свидетельства о рождении,запрос услуги
Стоит добавить лавочки у остановок,предложение
Когда начнется ремонт дороги на нашей улице,вопрос
В подъезде перегорела лампочка,жалоба
Когда начнется ремонт дороги на нашей улице,вопрос
Необходимо зарегистрировать новое место жительства,запрос услуги
Прошу оформить справку о составе семьи,запрос услуги
Не работает уличное освещение,жалоба
Необходимо оформить пособие по уходу за ребенком,запрос услуги
Можно организовать больше занятий для школьников,предложение
Прошу направить специалиста для проверки отопления,запрос услуги
Не работает уличное освещение,жалоба
Нужно оформить загранпаспорт,запрос услуги
Нужно оформить загранпаспорт,запрос услуги
Не работает лифт в доме,жалоба
Невозможно дозвониться в управляющую компанию,жалоба
Нужно оформить загранпаспорт,запрос услуги
Прошу направить специалиста для проверки отопления,запрос услуги
Как получить льготу на проезд,вопрос
Прошу выдать справку о доходах,запрос услуги
Не убрали снег у подъезда,жалоба
Нужно оформить загранпаспорт,запрос услуги
Стоит добавить лавочки у остановок,предложение
"Громкая музыка ночью, невозможно уснуть",жалоба
Прошу выдать справку о доходах,запрос услуги
Невозможно дозвониться в управляющую компанию,жалоба
Протекает крыша после дождя,жалоба
Куда обращаться по вопросам отопления,вопрос
Куда пожаловаться на шум от соседей,вопрос
Прошу выдать справку о доходах,запрос услуги
Предлагаю улучшить освещение в парке,предложение
Хорошо бы посадить деревья вдоль дороги,предложение
Протекает крыша после дождя,жалоба
Не убрали снег у подъезда,жалоба
Нужно добавить больше урн во дворе,предложение
Как получить льготу на проезд,вопрос
Можно организовать больше занятий для школьников,предложение
Не работает уличное освещение,жалоба
"Громкая музыка ночью, невозможно уснуть",жалоба
Куда обращаться по вопросам отопления,вопрос
Предлагаю установить автомат с водой в поликлинике,предложение
"Громкая музыка ночью, невозможно уснуть",жалоба
Где можно получить справку о прописке,вопрос
Куда пожаловаться на шум от соседей,вопрос
Предлагаю улучшить освещение в парке,предложение
В подъезде перегорела лампочка,жалоба
Нужно добавить больше урн во дворе,предложение
В поликлинике большие очереди,жалоба
Протекает крыша после дождя,жалоба
Необходимо оформить пособие по уходу за ребенком,запрос услуги
Не убирают мусор во дворе,жалоба
Хорошо бы посадить деревья вдоль дороги,предложение
Протекает крыша после дождя,жалоба
В поликлинике большие очереди,жалоба
В поликлинике большие очереди,жалоба
Прошу выдать справку о доходах,запрос услуги
Предлагаю установить автомат с водой в поликлинике,предложение
Прошу выдать справку о доходах,запрос услуги
Хорошо бы сделать детскую площадку,предложение
Как записаться к врачу через портал,вопрос
Не убрали снег у подъезда,жалоба
Как записаться к врачу через портал,вопрос
Можно сделать велодорожку вдоль набережной,предложение
Предлагаю улучшить освещение в парке,предложение
Хочу подать заявление на получение субсидии,запрос услуги
Можно организовать больше занятий для школьников,предложение
Прошу выдать дубликат свидетельства о рождении,запрос услуги
Хочу подать заявление на получение субсидии,запрос услуги
Не убирают мусор во дворе,жалоба
Предлагаю установить автомат с водой в поликлинике,предложение
Предлагаю улучшить освещение в парке,предложение
Хочу подать заявление на получение субсидии,запрос услуги
Нужно добавить больше урн во дворе,предложение
Нужно оформить загранпаспорт,запрос услуги
Не убрали снег у подъезда,жалоба
Хорошо бы посадить деревья вдоль дороги,предложение
Куда пожаловаться на шум от соседей,вопрос
Как записать ребенка в детский сад,вопрос
Предлагаю улучшить освещение в парке,предложение
Куда обращаться по вопросам отопления,вопрос
В поликлинике большие очереди,жалоба
Прошу назначить дату приема в администрации,запрос услуги
Предлагаю установить автомат с водой в поликлинике,предложение
Необходимо оформить пособие по уходу за ребенком,запрос услуги
"Громкая музыка ночью, невозможно уснуть",жалоба
Сколько стоит оформить загранпаспорт,вопрос
Не убирают мусор во дворе,жалоба
В подъезде перегорела лампочка,жалоба
Хочу подать заявление на получение субсидии,запрос услуги
Куда пожаловаться на шум от соседей,вопрос
Предлагаю улучшить освещение в парке,предложение
Предлагаю улучшить освещение в парке,предложение
Прошу направить специалиста для проверки отопления,запрос услуги
Как записать ребенка в детский сад,вопрос
Куда обращаться по вопросам отопления,вопрос
Предлагаю улучшить освещение в парке,предложение
Когда начнется ремонт дороги на нашей улице,вопрос
Можно сделать велодорожку вдоль набережной,предложение
Хорошо бы посадить деревья вдоль дороги,предложение
Можно организовать больше занятий для школьников,предложение
Не убрали снег у подъезда,жалоба
Когда включат отопление,вопрос
Предлагаю установить автомат с водой в поликлинике,предложение
Когда включат отопление,вопрос
Прошу выдать справку о доходах,запрос услуги
Нужно оформить загранпаспорт,запрос услуги
Прошу направить специалиста для проверки отопления,запрос услуги
Как записаться к врачу через портал,вопрос
Необходимо зарегистрировать новое место жительства,запрос услуги
Предлагаю улучшить освещение в парке,предложение
Нужно добавить больше урн во дворе,предложение
Хорошо бы посадить деревья вдоль дороги,предложение
Хорошо бы сделать детскую площадку,предложение
Необходимо зарегистрировать новое место жительства,запрос услуги
Можно сделать дополнительную парковку у школы,предложение
Нужно добавить больше урн во дворе,предложение
Не работает уличное освещение,жалоба
Предлагаю установить больше скамеек в парке,предложение
В поликлинике большие очереди,жалоба
Можно организовать больше занятий для школьников,предложение
Можно организовать больше занятий для школьников,предложение
"Дорога вся в ямах, невозможно проехать",жалоба
Прошу выдать дубликат свидетельства о рождении,запрос услуги
В подъезде перегорела лампочка,жалоба
Хочу подать заявление на получение субсидии,запрос услуги
Протекает крыша после дождя,жалоба
Можно сделать дополнительную парковку у школы,предложение
Хорошо бы посадить деревья вдоль дороги,предложение
Прошу зарегистрировать обращение по вопросу благоустройства,запрос услуги
Какие документы нужны для субсидии,вопрос
Нужно добавить больше урн во дворе,предложение
Прошу направить специалиста для проверки отопления,запрос услуги
Нужно добавить больше урн во дворе,предложение
Прошу направить специалиста для проверки отопления,запрос услуги
Какие документы нужны для субсидии,вопрос
Как получить льготу на проезд,вопрос
Как записаться к врачу через портал,вопрос
Где можно получить справку о прописке,вопрос
В поликлинике большие очереди,жалоба
Прошу направить специалиста для проверки отопления,запрос услуги
Хорошо бы посадить деревья вдоль дороги,предложение
Прошу выдать дубликат свидетельства о рождении,запрос услуги
Нужно добавить больше урн во дворе,предложение
Протекает крыша после дождя,жалоба
Хочу подать заявление на получение субсидии,запрос услуги
Прошу оформить справку о составе семьи,запрос услуги
Где можно получить справку о прописке,вопрос
Прошу выдать справку о доходах,запрос услуги
В поликлинике большие очереди,жалоба
Где можно получить справку о прописке,вопрос
Когда начнется ремонт дороги на нашей улице,вопрос
Как записать ребенка в детский сад,вопрос
Нужно оформить загранпаспорт,запрос услуги
Не убирают мусор во дворе,жалоба
Когда включат отопление,вопрос
Сколько стоит оформить загранпаспорт,вопрос
Стоит добавить лавочки у остановок,предложение
Протекает крыша после дождя,жалоба
Протекает крыша после дождя,жалоба
Прошу выдать дубликат свидетельства о рождении,запрос услуги
Необходимо зарегистрировать новое место жительства,запрос услуги
Где можно получить справку о прописке,вопрос
Хочу подать заявление на получение субсидии,запрос услуги
Куда обращаться по вопросам отопления,вопрос
Куда пожаловаться на шум от соседей,вопрос
Предлагаю установить автомат с водой в поликлинике,предложение
Где можно получить справку о прописке,вопрос
"Дорога вся в ямах, невозможно проехать",жалоба
Хорошо бы сделать детскую площадку,предложение
Не убирают мусор во дворе,жалоба
Сколько стоит оформить загранпаспорт,вопрос
Протекает крыша после дождя,жалоба
Стоит добавить лавочки у остановок,предложение
Где можно получить справку о прописке,вопрос
Прошу назначить дату приема в администрации,запрос услуги
Прошу направить специалиста для проверки отопления,запрос услуги
Необходимо зарегистрировать новое место жительства,запрос услуги
Нужно оформить загранпаспорт,запрос услуги
Сколько стоит оформить загранпаспорт,вопрос
Нужно добавить больше урн во дворе,предложение
Прошу выдать справку о доходах,запрос услуги
Нужно добавить больше урн во дворе,предложение
Необходимо оформить пособие по уходу за ребенком,запрос услуги
Можно организовать больше занятий для школьников,предложение
Предлагаю улучшить освещение в парке,предложение
Как записать ребенка в детский сад,вопрос
Не убрали снег у подъезда,жалоба
Хорошо бы посадить деревья вдоль дороги,предложение
Как записаться к врачу через портал,вопрос
Не убрали снег у подъезда,жалоба
Хочу подать заявление на получение субсидии,запрос услуги
Прошу назначить дату приема в администрации,запрос услуги
Нужно добавить больше урн во дворе,предложение
Можно сделать велодорожку вдоль набережной,предложение
Можно сделать дополнительную парковку у школы,предложение
Когда включат отопление,вопрос
Куда пожаловаться на шум от соседей,вопрос
В поликлинике большие очереди,жалоба
Куда пожаловаться на шум от соседей,вопрос
Как получить льготу на проезд,вопрос
"Громкая музыка ночью, невозможно уснуть",жалоба
"Громкая музыка ночью, невозможно уснуть",жалоба
Протекает крыша после дождя,жалоба
В поликлинике большие очереди,жалоба
Прошу выдать дубликат свидетельства о рождении,запрос услуги
Не убрали снег у подъезда,жалоба
Куда обращаться по вопросам отопления,вопрос
Можно сделать велодорожку вдоль набережной,предложение
Нужно оформить загранпаспорт,запрос услуги
Не убрали снег у подъезда,жалоба
Необходимо зарегистрировать новое место жительства,запрос услуги
Хорошо бы сделать детскую площадку,предложение
Когда включат отопление,вопрос
Предлагаю улучшить освещение в парке,предложение
Невозможно дозвониться в управляющую компанию,жалоба
Не работает уличное освещение,жалоба
Можно сделать велодорожку вдоль набережной,предложение
Прошу выдать дубликат свидетельства о рождении,запрос услуги
Как записать ребенка в детский сад,вопрос
Когда начнется ремонт дороги на нашей улице,вопрос
"Дорога вся в ямах, невозможно проехать",жалоба
Хочу подать заявление на получение субсидии,запрос услуги
Можно сделать дополнительную парковку у школы,предложение
Прошу зарегистрировать обращение по вопросу благоустройства,запрос услуги
Необходимо зарегистрировать новое место жительства,запрос услуги
Предлагаю установить автомат с водой в поликлинике,предложение
В подъезде перегорела лампочка,жалоба
Предлагаю установить больше скамеек в парке,предложение
Можно организовать больше занятий для школьников,предложение
Не работает уличное освещение,жалоба
Когда начнется ремонт дороги на нашей улице,вопрос
Протекает крыша после дождя,жалоба
Когда начнется ремонт дороги на нашей улице,вопрос
Когда включат отопление,вопрос
Можно сделать дополнительную парковку у школы,предложение
Протекает крыша после дождя,жалоба
Нужно добавить больше урн во дворе,предложение
Не убрали снег у подъезда,жалоба
Прошу выдать дубликат свидетельства о рождении,запрос услуги
Когда начнется ремонт дороги на нашей улице,вопрос
Нужно добавить больше урн во дворе,предложение
Протекает крыша после дождя,жалоба
Невозможно дозвониться в управляющую компанию,жалоба
Где можно получить справку о прописке,вопрос
Не убирают мусор во дворе,жалоба
Можно организовать больше занятий для школьников,предложение
В подъезде перегорела лампочка,жалоба
Куда обращаться по вопросам отопления,вопрос
Необходимо оформить пособие по уходу за ребенком,запрос услуги
Можно сделать дополнительную парковку у школы,предложение
Как получить льготу на проезд,вопрос
Не работает лифт в доме,жалоба
Протекает крыша после дождя,жалоба
Нужно добавить больше урн во дворе,предложение
Стоит добавить лавочки у остановок,предложение
Когда включат отопление,вопрос
Хорошо бы посадить деревья вдоль дороги,предложение
Хорошо бы сделать детскую площадку,предложение
Хочу подать заявление на получение субсидии,запрос услуги
Как записать ребенка в детский сад,вопрос
Прошу назначить дату приема в администрации,запрос услуги
Хочу подать заявление на получение субсидии,запрос услуги
Как записаться к врачу через портал,вопрос
Предлагаю установить автомат с водой в поликлинике,предложение
Не работает уличное освещение,жалоба
Стоит добавить лавочки у остановок,предложение
Не убрали снег у подъезда,жалоба
"Дорога вся в ямах, невозможно проехать",жалоба
Хорошо бы посадить деревья вдоль дороги,предложение
Предлагаю установить больше скамеек в парке,предложение
Куда обращаться по вопросам отопления,вопрос
Как записаться к врачу через портал,вопрос
Хорошо бы сделать детскую площадку,предложение
"Громкая музыка ночью, невозможно уснуть",жалоба
Хочу подать заявление на получение субсидии,запрос услуги
Можно организовать больше занятий для школьников,предложение
Какие документы нужны для субсидии,вопрос
Хорошо бы сделать детскую площадку,предложение
Куда обращаться по вопросам отопления,вопрос
Прошу выдать дубликат свидетельства о рождении,запрос услуги
Прошу оформить справку о составе семьи,запрос услуги
Когда начнется ремонт дороги на нашей улице,вопрос
Не убирают мусор во дворе,жалоба
Когда включат отопление,вопрос
Когда включат отопление,вопрос
Когда включат отопление,вопрос
Необходимо зарегистрировать новое место жительства,запрос услуги
Не работает уличное освещение,жалоба
Как записать ребенка в детский сад,вопрос
Хорошо бы посадить деревья вдоль дороги,предложение
Где можно получить справку о прописке,вопрос
Нужно добавить больше урн во дворе,предложение
Прошу выдать дубликат свидетельства о рождении,запрос услуги
"Громкая музыка ночью, невозможно уснуть",жалоба
Прошу оформить справку о составе семьи,запрос услуги
Прошу зарегистрировать обращение по вопросу благоустройства,запрос услуги
Прошу оформить справку о составе семьи,запрос услуги
Прошу выдать дубликат свидетельства о рождении,запрос услуги
Не работает лифт в доме,жалоба
Хорошо бы посадить деревья вдоль дороги,предложение
"Дорога вся в ямах, невозможно проехать",жалоба
Сколько стоит оформить загранпаспорт,вопрос
Необходимо оформить пособие по уходу за ребенком,запрос услуги
Куда пожаловаться на шум от соседей,вопрос
Когда начнется ремонт дороги на нашей улице,вопрос
Сколько стоит оформить загранпаспорт,вопрос
"Громкая музыка ночью, невозможно уснуть",жалоба
Не работает лифт в доме,жалоба
Предлагаю улучшить освещение в парке,предложение
В поликлинике большие очереди,жалоба
Не работает уличное освещение,жалоба
Предлагаю установить автомат с водой в поликлинике,предложение
Когда включат отопление,вопрос
"Громкая музыка ночью, невозможно уснуть",жалоба
Невозможно дозвониться в управляющую компанию,жалоба
Какие документы нужны для субсидии,вопрос
Хорошо бы посадить деревья вдоль дороги,предложение
Протекает крыша после дождя,жалоба
Какие документы нужны для субсидии,вопрос
Не убирают мусор во дворе,жалоба
Можно сделать велодорожку вдоль набережной,предложение
Когда включат отопление,вопрос
Предлагаю установить больше скамеек в парке,предложение
Прошу назначить дату приема в администрации,запрос услуги
Стоит добавить лавочки у остановок,предложение
Прошу направить специалиста для проверки отопления,запрос услуги
Прошу зарегистрировать обращение по вопросу благоустройства,запрос услуги
Предлагаю улучшить освещение в парке,предложение
В подъезде перегорела лампочка,жалоба
Сколько стоит оформить загранпаспорт,вопрос
Необходимо оформить пособие по уходу за ребенком,запрос услуги
Невозможно дозвониться в управляющую компанию,жалоба
Прошу выдать дубликат свидетельства о рождении,запрос услуги
Когда начнется ремонт дороги на нашей улице,вопрос
В подъезде перегорела лампочка,жалоба
Где можно получить справку о прописке,вопрос
Можно сделать велодорожку вдоль набережной,предложение
Как записаться к врачу через портал,вопрос
Как записаться к врачу через портал,вопрос
Прошу выдать справку о доходах,запрос услуги
Как записать ребенка в детский сад,вопрос
Необходимо оформить пособие по уходу за ребенком,запрос услуги
Предлагаю установить автомат с водой в поликлинике,предложение
Невозможно дозвониться в управляющую компанию,жалоба
Нужно добавить больше урн во дворе,предложение
Можно сделать дополнительную парковку у школы,предложение
Как записать ребенка в детский сад,вопрос
Прошу назначить дату приема в администрации,запрос услуги
Можно сделать дополнительную парковку у школы,предложение
Нужно добавить больше урн во дворе,предложение
Можно организовать больше занятий для школьников,предложение
Протекает крыша после дождя,жалоба
Хочу подать заявление на получение субсидии,запрос услуги
Прошу зарегистрировать обращение по вопросу благоустройства,запрос услуги
Прошу назначить дату приема в администрации,запрос услуги
Можно сделать велодорожку вдоль набережной,предложение
Можно сделать дополнительную парковку у школы,предложение
Хочу подать заявление на получение субсидии,запрос услуги
Как записать ребенка в детский сад,вопрос
Когда начнется ремонт дороги на нашей улице,вопрос
Хорошо бы посадить деревья вдоль дороги,предложение
Можно сделать дополнительную парковку у школы,предложение
Не работает уличное освещение,жалоба
Не убрали снег у подъезда,жалоба
"Громкая музыка ночью, невозможно уснуть",жалоба
Предлагаю установить больше скамеек в парке,предложение
Сколько стоит оформить загранпаспорт,вопрос
Прошу выдать справку о доходах,запрос услуги
Предлагаю улучшить освещение в парке,предложение
Прошу выдать справку о доходах,запрос услуги
Можно организовать больше занятий для школьников,предложение
Когда начнется ремонт дороги на нашей улице,вопрос
Куда пожаловаться на шум от соседей,вопрос
Какие документы нужны для субсидии,вопрос
Где можно получить справку о прописке,вопрос
Какие документы нужны для субсидии,вопрос
Прошу зарегистрировать обращение по вопросу благоустройства,запрос услуги
Где можно получить справку о прописке,вопрос
Предлагаю улучшить освещение в парке,предложение
Хорошо бы посадить деревья вдоль дороги,предложение
Необходимо зарегистрировать новое место жительства,запрос услуги
Не работает лифт в доме,жалоба
Прошу выдать дубликат свидетельства о рождении,запрос услуги
Предлагаю установить автомат с водой в поликлинике,предложение
Необходимо зарегистрировать новое место жительства,запрос услуги
Куда обращаться по вопросам отопления,вопрос
Как записаться к врачу через портал,вопрос
Куда обращаться по вопросам отопления,вопрос
Нужно добавить больше урн во дворе,предложение
Протекает крыша после дождя,жалоба
"Громкая музыка ночью, невозможно уснуть",жалоба
Можно организовать больше занятий для школьников,предложение
Нужно добавить больше урн во дворе,предложение
"Громкая музыка ночью, невозможно уснуть",жалоба
Нужно оформить загранпаспорт,запрос услуги
Не работает лифт в доме,жалоба
Стоит добавить лавочки у остановок,предложение
Можно сделать дополнительную парковку у школы,предложение
Можно сделать дополнительную парковку у школы,предложение
Не работает уличное освещение,жалоба
Нужно добавить больше урн во дворе,предложение
Куда обращаться по вопросам отопления,вопрос
Когда начнется ремонт дороги на нашей улице,вопрос
Куда пожаловаться на шум от соседей,вопрос
Прошу зарегистрировать обращение по вопросу благоустройства,запрос услуги
Какие документы нужны для субсидии,вопрос
Где можно получить справку о прописке,вопрос
Прошу выдать дубликат свидетельства о рождении,запрос услуги
Прошу назначить дату приема в администрации,запрос услуги
Куда пожаловаться на шум от соседей,вопрос
Прошу направить специалиста для проверки отопления,запрос услуги
Сколько стоит оформить загранпаспорт,вопрос
Предлагаю установить больше скамеек в парке,предложение
Нужно оформить загранпаспорт,запрос услуги
Сколько стоит оформить загранпаспорт,вопрос
Как записать ребенка в детский сад,вопрос
Необходимо оформить пособие по уходу за ребенком,запрос услуги
Как получить льготу на проезд,вопрос
Прошу зарегистрировать обращение по вопросу благоустройства,запрос услуги
Нужно оформить загранпаспорт,запрос услуги
Предлагаю установить автомат с водой в поликлинике,предложение
Как получить льготу на проезд,вопрос
В поликлинике большие очереди,жалоба
Стоит добавить лавочки у остановок,предложение
Куда пожаловаться на шум от соседей,вопрос
Куда обращаться по вопросам отопления,вопрос
Куда обращаться по вопросам отопления,вопрос
Невозможно дозвониться в управляющую компанию,жалоба
Где можно получить справку о прописке,вопрос
Нужно оформить загранпаспорт,запрос услуги
Как получить льготу на проезд,вопрос
Когда начнется ремонт дороги на нашей улице,вопрос
Можно сделать велодорожку вдоль набережной,предложение
Можно сделать дополнительную парковку у школы,предложение
Не работает лифт в доме,жалоба
Стоит добавить лавочки у остановок,предложение
Не работает уличное освещение,жалоба
Не работает лифт в доме,жалоба
В поликлинике большие очереди,жалоба
Куда обращаться по вопросам отопления,вопрос
Когда начнется ремонт дороги на нашей улице,вопрос
Хорошо бы посадить деревья вдоль дороги,предложение
Протекает крыша после дождя,жалоба
Можно сделать велодорожку вдоль набережной,предложение
"Громкая музыка ночью, невозможно уснуть",жалоба
Невозможно дозвониться в управляющую компанию,жалоба
Прошу назначить дату приема в администрации,запрос услуги
Не убирают мусор во дворе,жалоба
Можно сделать дополнительную парковку у школы,предложение
Предлагаю улучшить освещение в парке,предложение
Прошу назначить дату приема в администрации,запрос услуги
Прошу направить специалиста для проверки отопления,запрос услуги
Необходимо зарегистрировать новое место жительства,запрос услуги
Где можно получить справку о прописке,вопрос
Как записать ребенка в детский сад,вопрос
Когда начнется ремонт дороги на нашей улице,вопрос
Сколько стоит оформить загранпаспорт,вопрос
Как получить льготу на проезд,вопрос
Хочу подать заявление на получение субсидии,запрос услуги
Прошу зарегистрировать обращение по вопросу благоустройства,запрос услуги
Прошу выдать дубликат свидетельства о рождении,запрос услуги
Как записаться к врачу через портал,вопрос
Нужно добавить больше урн во дворе,предложение
"Громкая музыка ночью, невозможно уснуть",жалоба
Куда пожаловаться на шум от соседей,вопрос
Предлагаю установить автомат с водой в поликлинике,предложение
Какие документы нужны для субсидии,вопрос
Необходимо зарегистрировать новое место жительства,запрос услуги
Можно сделать дополнительную парковку у школы,предложение
Прошу назначить дату приема в администрации,запрос услуги
Прошу назначить дату приема в администрации,запрос услуги
В подъезде перегорела лампочка,жалоба
Нужно оформить загранпаспорт,запрос услуги
Прошу назначить дату приема в администрации,запрос услуги
Когда включат отопление,вопрос
Когда начнется ремонт дороги на нашей улице,вопрос
Можно организовать больше занятий для школьников,предложение
Как записаться к врачу через портал,вопрос
Прошу оформить справку о составе семьи,запрос услуги
Необходимо оформить пособие по уходу за ребенком,запрос услуги
Стоит добавить лавочки у остановок,предложение
Прошу выдать справку о доходах,запрос услуги
Невозможно дозвониться в управляющую компанию,жалоба
Как записать ребенка в детский сад,вопрос
Не убирают мусор во дворе,жалоба
Куда обращаться по вопросам отопления,вопрос
Прошу направить специалиста для проверки отопления,запрос услуги
Стоит добавить лавочки у остановок,предложение
Когда начнется ремонт дороги на нашей улице,вопрос
В поликлинике большие очереди,жалоба
Необходимо оформить пособие по уходу за ребенком,запрос услуги
Когда начнется ремонт дороги на нашей улице,вопрос
Стоит добавить лавочки у остановок,предложение
Можно сделать дополнительную парковку у школы,предложение
Какие документы нужны для субсидии,вопрос
Не убирают мусор во дворе,жалоба
Прошу оформить справку о составе семьи,запрос услуги
Необходимо зарегистрировать новое место жительства,запрос услуги
Можно организовать больше занятий для школьников,предложение
Прошу выдать дубликат свидетельства о рождении,запрос услуги
Можно сделать велодорожку вдоль набережной,предложение
Прошу оформить справку о составе семьи,запрос услуги
Прошу выдать дубликат свидетельства о рождении,запрос услуги
Протекает крыша после дождя,жалоба
Как записать ребенка в детский сад,вопрос
Можно организовать больше занятий для школьников,предложение
"Дорога вся в ямах, невозможно проехать",жалоба
Хочу подать заявление на получение субсидии,запрос услуги
Не убрали снег у подъезда,жалоба
Невозможно дозвониться в управляющую компанию,жалоба
В поликлинике большие очереди,жалоба
Предлагаю установить больше скамеек в парке,предложение
Протекает крыша после дождя,жалоба
Как записать ребенка в детский сад,вопрос
В подъезде перегорела лампочка,жалоба
Как записать ребенка в детский сад,вопрос
Прошу направить специалиста для проверки отопления,запрос услуги
Нужно добавить больше урн во дворе,предложение
Когда начнется ремонт дороги на нашей улице,вопрос
Предлагаю установить больше скамеек в парке,предложение
Прошу направить специалиста для проверки отопления,запрос услуги
Хорошо бы посадить деревья вдоль дороги,предложение
Хорошо бы сделать детскую площадку,предложение
Прошу направить специалиста для проверки отопления,запрос услуги
Прошу зарегистрировать обращение по вопросу благоустройства,запрос услуги
Где можно получить справку о прописке,вопрос
Не работает лифт в доме,жалоба
Не работает уличное освещение,жалоба
Прошу выдать справку о доходах,запрос услуги
Не работает уличное освещение,жалоба
Прошу оформить справку о составе семьи,запрос услуги
Куда обращаться по вопросам отопления,вопрос
Хорошо бы посадить деревья вдоль дороги,предложение
Куда обращаться по вопросам отопления,вопрос
Протекает крыша после дождя,жалоба
Сколько стоит оформить загранпаспорт,вопрос
Когда включат отопление,вопрос
Куда пожаловаться на шум от соседей,вопрос
Предлагаю установить больше скамеек в парке,предложение
Хорошо бы сделать детскую площадку,предложение
Можно сделать дополнительную парковку у школы,предложение
Сколько стоит оформить загранпаспорт,вопрос
Предлагаю установить автомат с водой в поликлинике,предложение
Можно сделать велодорожку вдоль набережной,предложение
Когда начнется ремонт дороги на нашей улице,вопрос
В поликлинике большие очереди,жалоба
Предлагаю улучшить освещение в парке,предложение
Хочу подать заявление на получение субсидии,запрос услуги
Сколько стоит оформить загранпаспорт,вопрос
"Громкая музыка ночью, невозможно уснуть",жалоба
"Дорога вся в ямах, невозможно проехать",жалоба
Хочу подать заявление на получение субсидии,запрос услуги
Куда обращаться по вопросам отопления,вопрос
Хочу подать заявление на получение субсидии,запрос услуги
Когда начнется ремонт дороги на нашей улице,вопрос
Не убирают мусор во дворе,жалоба
Как получить льготу на проезд,вопрос
"Громкая музыка ночью, невозможно уснуть",жалоба
Хочу подать заявление на получение субсидии,запрос услуги
В подъезде перегорела лампочка,жалоба
Хочу подать заявление на получение субсидии,запрос услуги
Предлагаю улучшить освещение в парке,предложение
Прошу выдать дубликат свидетельства о рождении,запрос услуги
Можно сделать велодорожку вдоль набережной,предложение
Хорошо бы сделать детскую площадку,предложение
Прошу назначить дату приема в администрации,запрос услуги
Не работает уличное освещение,жалоба
Прошу направить специалиста для проверки отопления,запрос услуги
В поликлинике большие очереди,жалоба
Необходимо зарегистрировать новое место жительства,запрос услуги
Стоит добавить лавочки у остановок,предложение
Необходимо оформить пособие по уходу за ребенком,запрос услуги
Прошу назначить дату приема в администрации,запрос услуги
Стоит добавить лавочки у остановок,предложение
Не убирают мусор во дворе,жалоба
Прошу выдать дубликат свидетельства о рождении,запрос услуги
Прошу направить специалиста для проверки отопления,запрос услуги
Предлагаю улучшить освещение в парке,предложение
Хорошо бы сделать детскую площадку,предложение
Где можно получить справку о прописке,вопрос
Не убирают мусор во дворе,жалоба
Прошу выдать дубликат свидетельства о рождении,запрос услуги
Когда включат отопление,вопрос
Не убирают мусор во дворе,жалоба
Прошу направить специалиста для проверки отопления,запрос услуги
Можно организовать больше занятий для школьников,предложение
В поликлинике большие очереди,жалоба
Можно сделать велодорожку вдоль набережной,предложение
Хочу подать заявление на получение субсидии,запрос услуги
В поликлинике большие очереди,жалоба
Хорошо бы сделать детскую площадку,предложение
Нужно оформить загранпаспорт,запрос услуги
Прошу направить специалиста для проверки отопления,запрос услуги
Необходимо зарегистрировать новое место жительства,запрос услуги
Не убирают мусор во дворе,жалоба
Хочу подать заявление на получение субсидии,запрос услуги
Куда обращаться по вопросам отопления,вопрос
Прошу выдать дубликат свидетельства о рождении,запрос услуги
Нужно оформить загранпаспорт,запрос услуги
"Дорога вся в ямах, невозможно проехать",жалоба
Какие документы нужны для субсидии,вопрос
Как записаться к врачу через портал,вопрос
Прошу выдать справку о доходах,запрос услуги
Прошу выдать дубликат свидетельства о рождении,запрос услуги
Необходимо оформить пособие по уходу за ребенком,запрос услуги
Можно организовать больше занятий для школьников,предложение
Нужно оформить загранпаспорт,запрос услуги
Нужно оформить загранпаспорт,запрос услуги
Можно сделать дополнительную парковку у школы,предложение
Невозможно дозвониться в управляющую компанию,жалоба
Какие документы нужны для субсидии,вопрос
Сколько стоит оформить загранпаспорт,вопрос
Хорошо бы посадить деревья вдоль дороги,предложение
Нужно оформить загранпаспорт,запрос услуги
Протекает крыша после дождя,жалоба
В поликлинике большие очереди,жалоба
Какие документы нужны для субсидии,вопрос
Не убирают мусор во дворе,жалоба
Прошу зарегистрировать обращение по вопросу благоустройства,запрос услуги
Хочу подать заявление на получение субсидии,запрос услуги
Не убирают мусор во дворе,жалоба
Хорошо бы посадить деревья вдоль дороги,предложение
Где можно получить справку о прописке,вопрос
Невозможно дозвониться в управляющую компанию,жалоба
Прошу назначить дату приема в администрации,запрос услуги
Не убирают мусор во дворе,жалоба
Как записать ребенка в детский сад,вопрос
Протекает крыша после дождя,жалоба
Нужно добавить больше урн во дворе,предложение
Не убирают мусор во дворе,жалоба
Предлагаю установить больше скамеек в парке,предложение
"Дорога вся в ямах, невозможно проехать",жалоба
Прошу выдать дубликат свидетельства о рождении,запрос услуги
Когда начнется ремонт дороги на нашей улице,вопрос
Когда включат отопление,вопрос
Не работает лифт в доме,жалоба
Предлагаю установить автомат с водой в поликлинике,предложение
Предлагаю установить автомат с водой в поликлинике,предложение
Сколько стоит оформить загранпаспорт,вопрос
Нужно добавить больше урн во дворе,предложение
В подъезде перегорела лампочка,жалоба
Стоит добавить лавочки у остановок,предложение
Предлагаю установить автомат с водой в поликлинике,предложение
"Громкая музыка ночью, невозможно уснуть",жалоба
Не убрали снег у подъезда,жалоба
Предлагаю установить автомат с водой в поликлинике,предложение
Не убрали снег у подъезда,жалоба
Прошу выдать дубликат свидетельства о рождении,запрос услуги
Нужно оформить загранпаспорт,запрос услуги
Хорошо бы посадить деревья вдоль дороги,предложение
Предлагаю установить автомат с водой в поликлинике,предложение
Невозможно дозвониться в управляющую компанию,жалоба
Когда включат отопление,вопрос
Когда начнется ремонт дороги на нашей улице,вопрос
Хорошо бы посадить деревья вдоль дороги,предложение
Прошу оформить справку о составе семьи,запрос услуги
Когда включат отопление,вопрос
Не работает лифт в доме,жалоба
Как записаться к врачу через портал,вопрос
Невозможно дозвониться в управляющую компанию,жалоба
Прошу зарегистрировать обращение по вопросу благоустройства,запрос услуги
Необходимо зарегистрировать новое место жительства,запрос услуги
Не убирают мусор во дворе,жалоба
Невозможно дозвониться в управляющую компанию,жалоба
Хорошо бы сделать детскую площадку,предложение
Прошу направить специалиста для проверки отопления,запрос услуги
Не убирают мусор во дворе,жалоба
Прошу выдать дубликат свидетельства о рождении,запрос услуги
Невозможно дозвониться в управляющую компанию,жалоба
Куда пожаловаться на шум от соседей,вопрос
Необходимо оформить пособие по уходу за ребенком,запрос услуги
"Дорога вся в ямах, невозможно проехать",жалоба
Куда обращаться по вопросам отопления,вопрос
Прошу направить специалиста для проверки отопления,запрос услуги
Какие документы нужны для субсидии,вопрос
Прошу оформить справку о составе семьи,запрос услуги
Можно сделать велодорожку вдоль набережной,предложение
Хочу подать заявление на получение субсидии,запрос услуги
Когда включат отопление,вопрос
Предлагаю улучшить освещение в парке,предложение
Можно сделать дополнительную парковку у школы,предложение
"Громкая музыка ночью, невозможно уснуть",жалоба
Можно сделать велодорожку вдоль набережной,предложение
Не убрали снег у подъезда,жалоба
Когда включат отопление,вопрос
Сколько стоит оформить загранпаспорт,вопрос
Хорошо бы сделать детскую площадку,предложение
Прошу выдать справку о доходах,запрос услуги
Можно сделать дополнительную парковку у школы,предложение
Какие документы нужны для субсидии,вопрос
Где можно получить справку о прописке,вопрос
Предлагаю установить больше скамеек в парке,предложение
Прошу назначить дату приема в администрации,запрос услуги
Не работает уличное освещение,жалоба
Хорошо бы сделать детскую площадку,предложение
Не убрали снег у подъезда,жалоба
Протекает крыша после дождя,жалоба
Можно организовать больше занятий для школьников,предложение
Хорошо бы сделать детскую площадку,предложение
Где можно получить справку о прописке,вопрос
Прошу выдать дубликат свидетельства о рождении,запрос услуги
Предлагаю улучшить освещение в парке,предложение
Когда начнется ремонт дороги на нашей улице,вопрос
Куда обращаться по вопросам отопления,вопрос
Хорошо бы посадить деревья вдоль дороги,предложение
Прошу направить специалиста для проверки отопления,запрос услуги
Где можно получить справку о прописке,вопрос
Куда пожаловаться на шум от соседей,вопрос
Можно сделать дополнительную парковку у школы,предложение
Не убрали снег у подъезда,жалоба
Необходимо оформить пособие по уходу за ребенком,запрос услуги
Прошу зарегистрировать обращение по вопросу благоустройства,запрос услуги
Прошу выдать дубликат свидетельства о рождении,запрос услуги
Как записаться к врачу через портал,вопрос
Хорошо бы посадить деревья вдоль дороги,предложение
Нужно добавить больше урн во дворе,предложение
Куда пожаловаться на шум от соседей,вопрос
Необходимо зарегистрировать новое место жительства,запрос услуги
Прошу выдать справку о доходах,запрос услуги
Можно сделать дополнительную парковку у школы,предложение
Хорошо бы сделать детскую площадку,предложение
Куда пожаловаться на шум от соседей,вопрос
"Дорога вся в ямах, невозможно проехать",жалоба
Протекает крыша после дождя,жалоба
В поликлинике большие очереди,жалоба
Где можно получить справку о прописке,вопрос
Когда начнется ремонт дороги на нашей улице,вопрос
Предлагаю установить автомат с водой в поликлинике,предложение
Прошу назначить дату приема в администрации,запрос услуги
Как записаться к врачу через портал,вопрос
Когда включат отопление,вопрос
Протекает крыша после дождя,жалоба
Нужно добавить больше урн во дворе,предложение
Не убирают мусор во дворе,жалоба
Нужно добавить больше урн во дворе,предложение
Когда начнется ремонт дороги на нашей улице,вопрос
Где можно получить справку о прописке,вопрос
Необходимо оформить пособие по уходу за ребенком,запрос услуги
"Дорога вся в ямах, невозможно проехать",жалоба
Как записаться к врачу через портал,вопрос
Хорошо бы посадить деревья вдоль дороги,предложение
Хорошо бы сделать детскую площадку,предложение
Как получить льготу на проезд,вопрос
Хорошо бы посадить деревья вдоль дороги,предложение
Не работает лифт в доме,жалоба
Не убрали снег у подъезда,жалоба
Как записаться к врачу через портал,вопрос
Прошу направить специалиста для проверки отопления,запрос услуги
Когда включат отопление,вопрос
Не работает уличное освещение,жалоба
Как записаться к врачу через портал,вопрос
Нужно оформить загранпаспорт,запрос услуги
Протекает крыша после дождя,жалоба
Как записаться к врачу через портал,вопрос
Невозможно дозвониться в управляющую компанию,жалоба
Не убрали снег у подъезда,жалоба
В поликлинике большие очереди,жалоба
Предлагаю установить автомат с водой в поликлинике,предложение
В поликлинике большие очереди,жалоба
Сколько стоит оформить загранпаспорт,вопрос
Прошу направить специалиста для проверки отопления,запрос услуги
Прошу оформить справку о составе семьи,запрос услуги
Предлагаю установить автомат с водой в поликлинике,предложение
Можно организовать больше занятий для школьников,предложение
Какие документы нужны для субсидии,вопрос
Хорошо бы сделать детскую площадку,предложение
Прошу оформить справку о составе семьи,запрос услуги
Когда начнется ремонт дороги на нашей улице,вопрос
В подъезде перегорела лампочка,жалоба
Куда пожаловаться на шум от соседей,вопрос
"Громкая музыка ночью, невозможно уснуть",жалоба
Прошу назначить дату приема в администрации,запрос услуги
Можно организовать больше занятий для школьников,предложение
Протекает крыша после дождя,жалоба
Прошу выдать справку о доходах,запрос услуги
Нужно добавить больше урн во дворе,предложение
Где можно получить справку о прописке,вопрос
Прошу зарегистрировать обращение по вопросу благоустройства,запрос услуги
Нужно добавить больше урн во дворе,предложение
Предлагаю улучшить освещение в парке,предложение
Куда пожаловаться на шум от соседей,вопрос
Можно сделать велодорожку вдоль набережной,предложение
Нужно добавить больше урн во дворе,предложение
"Дорога вся в ямах, невозможно проехать",жалоба
Стоит добавить лавочки у остановок,предложение
Хорошо бы посадить деревья вдоль дороги,предложение
Не убирают мусор во дворе,жалоба
Не работает уличное освещение,жалоба
Невозможно дозвониться в управляющую компанию,жалоба
"Дорога вся в ямах, невозможно проехать",жалоба
Прошу направить специалиста для проверки отопления,запрос услуги
Нужно добавить больше урн во дворе,предложение
Прошу выдать справку о доходах,запрос услуги
Хорошо бы сделать детскую площадку,предложение
Как записаться к врачу через портал,вопрос
Как записаться к врачу через портал,вопрос
Можно организовать больше занятий для школьников,предложение
Предлагаю установить больше скамеек в парке,предложение
Как записать ребенка в детский сад,вопрос
Как получить льготу на проезд,вопрос
Как получить льготу на проезд,вопрос
Прошу выдать дубликат свидетельства о рождении,запрос услуги
Когда начнется ремонт дороги на нашей улице,вопрос
Невозможно дозвониться в управляющую компанию,жалоба
Хочу подать заявление на получение субсидии,запрос услуги
"Громкая музыка ночью, невозможно уснуть",жалоба
Хорошо бы сделать детскую площадку,предложение
Не убирают мусор во дворе,жалоба
Прошу оформить справку о составе семьи,запрос услуги
Где можно получить справку о прописке,вопрос
Когда начнется ремонт дороги на нашей улице,вопрос
Хорошо бы сделать детскую площадку,предложение
В подъезде перегорела лампочка,жалоба
Необходимо оформить пособие по уходу за ребенком,запрос услуги
В подъезде перегорела лампочка,жалоба
Сколько стоит оформить загранпаспорт,вопрос
Не убрали снег у подъезда,жалоба
Необходимо зарегистрировать новое место жительства,запрос услуги
Прошу назначить дату приема в администрации,запрос услуги
"Громкая музыка ночью, невозможно уснуть",жалоба
В подъезде перегорела лампочка,жалоба
Предлагаю установить автомат с водой в поликлинике,предложение
